{
    "DM_SN_kiko_store_network": "Netzwerk",
    "DM_SN_kiko_store_sd_extra_activities": "SD Extra Aktivitäten",
    "DM_SN_kiko_store_hardware": "Hardware",
    "DM_SN_kiko_store_negoziando": "Verhandeln",
    "DM_SN_hardware": "Hardware",
    "DM_SN_kiko_store_ls_retail": "LS Retail",
    "DM_SN_network": "Netzwerk",
    "DM_SN_iPhone": "iPhone",
    "DM_SN_kiko_store_eva_uc": "EVA UC",
    "DM_SN_adyen": "Adyen",
    "DM_SN_kiko_store_software": "Software",
    "DM_SN_ipad": "iPad",
    "DM_SN_kiko_store_monitoring": "Überwachung",
    "DM_SN_printer": "Drucker",
    "DM_SN_inquiry": "Anfrage / Hilfe",
    "DM_SN_kiko_store_audio_video": "Audio/Video",
    "DM_SN_database": "Datenbank",
    "DM_SN_eva": "EVA",
    "DM_SN_clientela": "Klientel",
    "DM_SN_software": "Software",
    "DB_SN_iPad_Can’t_Connect": "Kann keine Verbindung herstellen.",
    "DB_SN_iPad_Stolen_or_Lost": "Gestohlen oder verloren",
    "DB_SN_iPad_Charging": "Aufladen",
    "DB_SN_iPad_Broken_Screen": "Kaputtes Display",
    "DB_SN_iPad_Other": "Andere",
    "DB_SN_Adyen_Other": "Andere",
    "DB_SN_Adyen_Can’t_Connect": "Kann keine Verbindung herstellen.",
    "DB_SN_Adyen_Payment_Issue": "Zahlungsproblem",
    "DB_SN_Adyen_Lost_Device": "Verlorenes Gerät.",
    "DB_SN_Printer_Won’t_Print": "Wird nicht gedruckt.",
    "DB_SN_Printer_Won’t_Turn_ON": "Geht nicht an.",
    "DB_SN_Printer_Other": "Andere",
    "DB_SN_EVA_Financial_Closure": "Finanzieller Abschluss",
    "DB_SN_EVA_Login": "Anmeldung",
    "DB_SN_EVA_Promotions": "Förderungen",
    "DB_SN_EVA_Gift_Cards": "Geschenkkarten",
    "DB_SN_EVA_Princing": "Princing -> Preisgestaltung",
    "DB_SN_Clientela_Login": "Anmeldung",
    "DB_SN_Clientela_Customer_Data": "Kundendaten",
    "DB_SN_iPhone_Can’t_Connect": "Kann keine Verbindung herstellen.",
    "DB_SN_iPhone_Stolen_or_Lost": "Gestohlen oder verloren",
    "DB_SN_iPhone_Charging": "Aufladen",
    "DB_SN_iPhone_Broken_Screen": "Kaputter Bildschirm",
    "DB_SN_iPhone_Other": "Andere",
    "DM_SN_kiko_store_network_wifi_access_point": "WiFi-Zugangspunkt",
    "DM_SN_kiko_store_network_router": "Router",
    "DM_SN_kiko_store_network_dati_fisso_bloccante": "Dati - Fest - Blockierend",
    "DM_SN_kiko_store_network_dati_fisso_nonbloccante": "Daten - Fest - Nicht blockierend - Anomalie",
    "DM_SN_kiko_store_network_firewall": "Firewall",
    "DM_SN_kiko_store_network_switch": "Schalter",
    "DM_SN_kiko_store_sd_extra_activities_sd_callback_support_activity": "SD RÜCKRUFUNTERSTÜTZUNGS-AKTIVITÄT",
    "DM_SN_kiko_store_hardware_drawer": "Schublade",
    "DM_SN_kiko_store_hardware_ipad": "iPad",
    "DM_SN_kiko_store_hardware_ipad_base_station": "iPad-Basisstation",
    "DM_SN_kiko_store_hardware_iphone": "iPhone",
    "DM_SN_kiko_store_hardware_charging_station": "Ladestation",
    "DM_SN_kiko_store_hardware_credit_card_terminals": "Kreditkarten-Terminals",
    "DM_SN_kiko_store_hardware_backoffice_pc_monitor": "Backoffice PC Monitor",
    "DM_SN_kiko_store_hardware_other": "Andere",
    "DM_SN_kiko_store_hardware_landline_mobile_phone": "FestnetzHandy",
    "DM_SN_kiko_store_hardware_printer_bo": "Drucker BO",
    "DM_SN_kiko_store_hardware_pc_backoffice": "PC Backoffice",
    "DM_SN_kiko_store_hardware_barcode_reader": "Barcode-Lesegerät",
    "DM_SN_kiko_store_hardware_people_counter": "Menschenzähler",
    "DM_SN_kiko_store_hardware_ticket_printer": "Ticketdrucker",
    "DM_SN_kiko_store_hardware_toshiba_hp_till": "ToshibaHP Kasse",
    "DM_SN_kiko_store_hardware_ups": "UPS",
    "DM_SN_kiko_store_negoziando_cash_desk_managent": "Kassenverwaltung",
    "DM_SN_kiko_store_negoziando_credential": "Anmeldeinformationen",
    "DM_SN_kiko_store_negoziando_loyalty": "Treue",
    "DM_SN_kiko_store_negoziando_item_price": "Artikelpreis",
    "DM_SN_kiko_store_negoziando_invoice_credit_note": "Rechnung/Gutschrift",
    "DM_SN_kiko_store_negoziando_giftcard": "Geschenkkarte",
    "DM_SN_kiko_store_negoziando_closure": "Abschluss",
    "DM_SN_kiko_store_negoziando_inventory": "Inventar",
    "DM_SN_kiko_store_negoziando_banking_money": "Banking Geld",
    "DM_SN_kiko_store_negoziando_till_access": "Zugangsberechtigung",
    "DM_SN_kiko_store_negoziando_vouchers": "Gutscheine",
    "DM_SN_kiko_store_negoziando_returns": "Rücksendungen",
    "DM_SN_kiko_store_negoziando_stock_receiving": "Bestand/Empfang",
    "DM_SN_kiko_store_negoziando_promo": "Promo",
    "DM_SN_kiko_store_negoziando_report": "Bericht",
    "DM_SN_kiko_store_ls_retail_invoice_credit_note": "Rechnung/Gutschrift",
    "DM_SN_kiko_store_ls_retail_returns": "Rücksendungen",
    "DM_SN_kiko_store_ls_retail_cash_desk": "Kassenmanagement",
    "DM_SN_kiko_store_ls_retail_item_price": "Artikelpreis",
    "DM_SN_kiko_store_ls_retail_credential": "Anmeldeinformationen",
    "DM_SN_kiko_store_ls_retail_loyalty": "Treue",
    "DM_SN_kiko_store_ls_retail_giftcard": "Geschenkkarte",
    "DM_SN_kiko_store_ls_retail_promo": "Promo",
    "DM_SN_kiko_store_ls_retail_vouchers": "Gutscheine",
    "DM_SN_kiko_store_ls_retail_safe_transfer": "Sicherer Transfer",
    "DM_SN_kiko_store_ls_retail_statement": "Aussage",
    "DM_SN_kiko_store_ls_retail_stock_management": "Bestandsmanagement",
    "DM_SN_kiko_store_eva_uc_vouchers": "Gutscheine",
    "DM_SN_kiko_store_eva_uc_stock_and_task_management": "Bestands- und Aufgabenmanagement",
    "DM_SN_kiko_store_eva_uc_returns": "Rücksendungen",
    "DM_SN_kiko_store_eva_uc_customers_display_app": "Kundenanzeige-App",
    "DM_SN_kiko_store_eva_uc_basket_transfer": "Korbtransfer",
    "DM_SN_kiko_store_eva_uc_loyalty": "Treue",
    "DM_SN_kiko_store_eva_uc_pos_sales_app": "POS-Verkaufs-App",
    "DM_SN_kiko_store_eva_uc_giftcard": "Geschenkkarte",
    "DM_SN_kiko_store_eva_uc_power_bi": "PowerBI",
    "DM_SN_kiko_store_eva_uc_item_price_barcode": "Artikel Preis Barcode",
    "DM_SN_kiko_store_eva_uc_promo": "Promo",
    "DM_SN_kiko_store_software_personal_corporate_credentials": "Persönliche Unternehmensanmeldeinformationen",
    "DM_SN_kiko_store_software_open_office": "Open Office",
    "DM_SN_kiko_store_software_windows": "Fenster",
    "DM_SN_kiko_store_software_ilabels": "Ilabels",
    "DM_SN_kiko_store_software_beKiko_login": "BeKiko Anmeldung",
    "DM_SN_kiko_store_software_other": "Andere",
    "DM_SN_kiko_store_software_outlook _webmail": "Outlook WebMail",
    "DM_SN_kiko_store_software_browser_navigation": "Browser/Navigation",
    "DM_SN_kiko_store_monitoring_router_down": "Router ausgefallen",
    "DM_SN_kiko_store_monitoring_cpu_load": "CPU-Auslastung",
    "DM_SN_kiko_store_monitoring_till_ipad_iphone_offline": "TillIpadIphone offline\n\nTillIpadIphone offline",
    "DM_SN_kiko_store_monitoring_internet_access": "Internetzugang",
    "DM_SN_kiko_store_monitoring_server_down": "Server ausgefallen",
    "DM_SN_kiko_store_monitoring_hard_disk_with_free": "Festplatte mit < 2% frei",
    "DM_SN_kiko_store_audio_video_audio_amplifier": "Audioverstärker",
    "DM_SN_kiko_store_audio_video_video_splitter": "Videotrenner",
    "DM_SN_kiko_store_audio_video_digital_windows": "Digitale Fenster",
    "DM_SN_kiko_store_audio_video_other": "Andere",
    "DM_SN_kiko_store_audio_video_thin_client": "Dünner Client",
    "DM_SN_kiko_store_software_Others": "Andere",
    "DB_DT_WATCHTOWER": "WACHTTURM",
    "DB_DT_IPAD": "IPAD",
    "DB_DT_IPHONE": "iPhone",
    "DB_DT_PRINTER": "DRUCKER",
    "DB_DT_PAYMENT": "ZAHLUNG",
    "SM_ACTION_OFFLINE_DESC": "Dieses Gerät ist seit %@ Stunden offline. Wählen Sie das entsprechende Problem aus, um Schritte zur Lösung zu erhalten.",
    "SM_ACTION_APPS_OUTDATED_DESC": "Dieses Gerät hat veraltete Anwendung(en). Die vorgeschlagene Auflösung gilt für die unten aufgeführte Anwendung(en).\n1. Cornerstone\n2. Workjam\n3. Jamf",
    "SM_ACTION_OS_OUTDATED_DESC": "Das Betriebssystem dieses Geräts ist seit %@ Stunden veraltet. Wählen Sie das entsprechende Problem aus, um Schritte zur Behebung zu erhalten.",
    "SM_ACTION_TITLE_OFFLINE": "Offline Gerät",
    "SM_ACTION_TITLE_APP_OUTDATED": "Bewerbung veraltet",
    "SM_ACTION_TITLE_OS_OUTDATED": "Betriebssystem-Update",
    "DB_FIX_TITLE_OS_UPDATE_FAIL": "OS veraltet",
    "DB_FIX_DESC_OS_UPDATE_FAIL": "Stellen Sie sicher, bevor Sie den Laden am Tag schließen:\n1. Bestätigen Sie, dass das Gerät mit der Stromdockingstation verbunden ist.\n2. Bestätigen Sie, dass das Ladesymbol in der oberen rechten Ecke aktiv ist.\n\nStellen Sie sicher, dass das Gerät mit dem Netzwerk verbunden ist, indem Sie die folgenden Schritte befolgen:\n1. Gehen Sie zu den Einstellungen.\n2. Stellen Sie sicher, dass das WLAN eingeschaltet ist und mit \"K-EVA\" verbunden ist.\n3. Wenn nicht, verbinden Sie es manuell, indem Sie auf \"K-EVA\" WLAN klicken.\n\n4. Wenn das Problem weiterhin besteht, starten Sie das Gerät neu.",
    "SM_ST_MyActionsGuides": "Meine Aktionen führen Sie dazu, die notwendigen Maßnahmen zu ergreifen, um Probleme im Zusammenhang mit den Geräten im Geschäft zu lösen.",
    "SM_ST_ServiceNowCreated": "%@ %@ hat ein Service Now Ticket erstellt.",
    "SM_ST_TookActions": "%@ %@ hat die Aktionen unternommen.",
    "SM_ST_Copyright": "© 2024 Streamline, LLC\n\nTranslated to German: © 2024 Streamline, LLC",
    "SM_ST_AccessPoints": "Zugriffspunkte",
    "SM_ST_ActionList": "Aktionsliste",
    "SM_ST_ActionSubmitted": "Aktion erfolgreich eingereicht.",
    "SM_ST_Address": "Adresse",
    "SM_ST_Alert": "Alarmbereit",
    "SM_ST_All": "Alles",
    "SM_ST_AllNotifications": "Alle Benachrichtigungen unter einem Dach",
    "SM_ST_Approved": "Genehmigt",
    "SM_ST_APPROVED": "GENEHMIGT",
    "SM_ST_Apps": "Apps",
    "SM_ST_AtRisk": "Auf Risiko",
    "SM_ST_Certificates": "Zertifikate",
    "SM_ST_CheckCables": "Überprüfen Sie Ihre Kabel und Verbindungen.",
    "SM_ST_Configured": "Konfiguriert",
    "SM_ST_Connectivity": "Konnektivität",
    "SM_ST_DashboardView": "Dashboard-Ansicht aller Ihrer Geschäftsgeräte zusammen mit der Anzahl der gesunden Status.",
    "SM_ST_DeviceDetails": "Gerätedetails",
    "SM_ST_DeviceOffline": "Gerät offline",
    "SM_ST_Disclaimer": "Haftungsausschluss",
    "SM_ST_EasyAccess": "Einfacher Zugriff auf die Gesundheit des Geräts",
    "SM_ST_Error": "Fehler",
    "SM_ST_ErrorSubmission": "Fehler bei der Übermittlung. Bitte versuchen Sie es erneut.",
    "SM_ST_ErrorSubmittingAction": "Fehler beim Absenden der Aktion.",
    "SM_ST_Fix": "Festlegen",
    "SM_ST_FixFailed": "Fehler behoben. Bitte erneut versuchen.",
    "SM_ST_FixInProcess": "Die Reparatur läuft. Überprüfen Sie es nach einiger Zeit erneut.",
    "SM_ST_Fixes": "Festlegungen",
    "SM_ST_GoToSettings": "Gehe zu Einstellungen.",
    "SM_ST_Health": "Gesundheit",
    "SM_ST_iEnterprise": "iUnternehmen",
    "SM_ST_INSTALLED": "INSTALLIERT",
    "SM_ST_iOS": "iOS -> iOS",
    "SM_ST_IOT": "IOT - Internet der Dinge",
    "SM_ST_iPhones": "iPhones",
    "SM_ST_iPads": "iPads",
    "SM_ST_IssueLoadingData": "Problem beim Laden der Daten",
    "SM_ST_Issues": "Probleme",
    "SM_ST_KeepDevicesUpdated": "Halten Sie Ihre Geräte auf dem neuesten Stand.",
    "SM_ST_LastConnected": "Zuletzt verbunden",
    "SM_ST_LetUsKnowMore": "Lass es uns wissen.",
    "SM_ST_LocationPermissionDenied": "Standortberechtigung verweigert",
    "SM_ST_CheckWifiOn": "Stellen Sie sicher, dass Ihr WLAN eingeschaltet ist und Sie Ihr Netzwerk sehen können.",
    "SM_ST_CheckRouterOn": "Stellen Sie sicher, dass Ihr Router eingeschaltet ist und Sie sich innerhalb der Reichweite befinden.",
    "SM_ST_MobileDevices": "Mobile Geräte",
    "SM_ST_Model": "Modell",
    "SM_ST_MyActions": "Meine Handlungen",
    "SM_ST_NeverMissAnnouncement": "Verpassen Sie nie eine Ankündigung für reibungslose effiziente Abläufe mit \"Systemupdates\".",
    "SM_ST_NewIssue": "Neue Ausgabe",
    "SM_ST_NoActionsPending": "Keine ausstehenden Maßnahmen",
    "SM_ST_NoDevices": "Keine Geräte",
    "SM_ST_NoDevicesAvailable": "Keine Geräte verfügbar für diese Auswahl.",
    "SM_ST_NoDevicesLower": "keine Geräte",
    "SM_ST_NoUpdates": "Keine Updates",
    "SM_ST_NotConfigured": "Nicht konfiguriert.",
    "SM_ST_Notification": "Benachrichtigung",
    "SM_ST_Notifications": "Benachrichtigungen",
    "SM_ST_Ok": "ok -> okay",
    "SM_ST_OK": "OK -> In Ordnung",
    "SM_ST_Other": "Andere",
    "SM_ST_OtherDevices": "Andere Geräte",
    "SM_ST_Others": "Andere",
    "SM_ST_Payment": "Zahlung",
    "SM_ST_PaymentDevices": "Zahlungsgeräte",
    "SM_ST_CheckInternet": "Bitte überprüfen Sie Ihre Internetverbindung. Verbinden Sie das Gerät mit dem Internet.",
    "SM_ST_PleaseRetry": "Bitte versuchen Sie es erneut.",
    "SM_ST_PoweredBy": "betrieben von",
    "SM_ST_PoweredByIEnterprise": "betrieben von iEnterprise",
    "SM_ST_Printer": "Drucker",
    "SM_ST_Printers": "Drucker",
    "SM_ST_PrivacyPolicy": "Datenschutzrichtlinie",
    "SM_ST_ProceedToApp": "Weiter zur App",
    "SM_ST_Profile": "Profil",
    "SM_ST_PullToRefresh": "Zum Aktualisieren nach unten ziehen",
    "SM_ST_RaiseConcern": "Äußern Sie Ihr Anliegen und wir werden es lösen.",
    "SM_ST_RaiseTrackResolve": "Erhöhen, verfolgen und lösen Sie alle Ihre Anfragen im Zusammenhang mit den Geräten unter einem Dach.",
    "SM_ST_RateExperience": "Bewerten Sie Ihre Erfahrung.",
    "SM_ST_ReportIssue": "Problem melden",
    "SM_ST_Report": "Bericht",
    "SM_ST_Request": "Anfrage",
    "SM_ST_ResolveActionSubmitted": "Aktion erfolgreich eingereicht.",
    "SM_ST_Resolved": "Gelöst",
    "SM_ST_RestartDevice": "Starten Sie Ihr Gerät neu.",
    "SM_ST_Retry": "Erneut versuchen",
    "SM_ST_SelectIssueForSteps": "Wählen Sie das entsprechende Problem aus, um Schritte zur Lösung zu erhalten.",
    "SM_ST_SerialNumberEmpty": "Seriennummer ist leer.",
    "SM_ST_SignIn": "Anmelden",
    "SM_ST_SignOut": "Abmelden",
    "SM_ST_Login": "Anmeldung",
    "SM_ST_Logout": "Abmelden",
    "SM_ST_StillFacingIssue": "Noch Probleme?",
    "SM_ST_StoreHealth": "Gesundheitsspeicher",
    "SM_ST_StoreID": "Filialnummer: 100",
    "SM_ST_StoreReports": "Ladenberichte",
    "SM_ST_Transactions": "Transaktionen",
    "SM_ST_PaymentModes": "Zahlungsarten",
    "SM_ST_Products": "Produkte",
    "SM_ST_Inventry": "Inventar",
    "SM_ST_Employees": "Mitarbeiter",
    "SM_ST_Submit": "Einreichen",
    "SM_ST_Switches": "Schalter",
    "SM_ST_SystemUpdates": "Systemaktualisierungen",
    "SM_ST_Updates": "Aktualisierungen",
    "SM_ST_ThankYouForSharing": "Danke, dass du deine Erfahrung geteilt hast.",
    "SM_ST_NoDataCollection": "Diese App sammelt oder teilt keine personenbezogenen Daten mit Dritten aus irgendeinem Grund.",
    "SM_ST_DeviceOfflineFewDays": "Dieses Gerät ist seit einigen Tagen offline. Bitte schalten Sie es ein und verbinden Sie es mit dem K-EVA WiFi. Wir werden die Updates automatisch bereitstellen.",
    "SM_ST_Total": "Gesamt",
    "SM_ST_TotalDevices": "Gesamtgeräte",
    "SM_ST_UnableToLoadData": "Daten konnten nicht geladen werden. Bitte versuchen Sie es erneut.",
    "SM_ST_UnauthorizedAccess": "Unberechtigter Zugriff",
    "SM_ST_Unhealthy": "Ungesund",
    "SM_ST_NotAuthorizedAccess": "Sie sind nicht berechtigt, auf diese Anwendung zuzugreifen.",
    "SM_ST_YouAreOnTrack": "Du bist auf Kurs! Keine ausstehenden Aktionen für den Laden.",
    "SM_ST_DeviceNotConnected": "Ihr Gerät ist nicht mit dem Internet verbunden.",
    "SM_ST_LocationForNetwork": "Ihr Gerätestandort wird verwendet, um die Netzwerkgesundheit abzurufen. Aktivieren Sie die Standortdienste in den Einstellungen.",
    "SM_ST_EnsureWifiON": "Stellen Sie sicher, dass das WLAN eingeschaltet ist und mit 'K-EVA' verbunden ist.",
    "SM_ST_ConnectWifiManually": "Wenn nicht, verbinden Sie es manuell, indem Sie auf das 'K-EVA' WLAN klicken.",
    "SM_ST_IfProblemStillExists": "Wenn das Problem weiterhin besteht, starten Sie das Gerät neu.",
    "DB_FIX_TITLE_DEV_SWITCHED_OFF": "Gerät ausgeschaltet",
    "DB_FIX_TITLE_NET_CONN_LOST": "Netzwerkverbindung verloren",
    "DB_FIX_TITLE_CHARG_ISSUE": "Ladeproblem",
    "DB_FIX_TITLE_DEV_STOLE_LOST": "Gerät gestohlen oder verloren",
    "DB_FIX_TITLE_DEV_DAM_BROKEN": "Gerät beschädigt oder defekt",
    "DB_FIX_TITLE_DEV_NO_POWER": "Gerät lässt sich nicht einschalten.",
    "DB_FIX_DESC_DEV_SWITCHED_OFF": "Wenn das Gerät nicht eingeschaltet wird, schließen Sie es an den iPort Multi Dock für iPhones oder die iPort Base Station/Pillar an und überprüfen Sie, ob das Gerät aufgeladen und eingeschaltet wird.\n\na. Wenn das iPhone mit den iPorts nicht aufgeladen wird, entfernen Sie den iPort-Adapterstecker aus dem Gehäuse und schließen Sie ihn an das Apple-Wandladegerät an.\nb. Wenn das iPad nicht aufgeladen wird, nehmen Sie es aus der iPort-Hülle heraus und schließen Sie es an das Apple-Wandladegerät an.\n\nWenn das Gerät immer noch nicht aufgeladen wird, reichen Sie ein Ticket für die RMA (Austausch) des Geräts ein.",
    "DB_FIX_DESC_NET_CONN_LOST": "Falls es Probleme beim Verbinden mit Ihrem Wi-Fi auf Ihrem iPhone oder iPad gibt.\n\n1. Stellen Sie sicher, dass Ihr Router eingeschaltet ist.\n2. Stellen Sie sicher, dass das Gerät sich im Bereich befindet.\n3. Stellen Sie sicher, dass Wi-Fi eingeschaltet ist und Sie Ihr Netzwerk sehen können.\n4. Starten Sie das Gerät neu.\n\nHinweis: Wenn die oben genannten Schritte von Ihnen befolgt werden, tippen Sie auf 'Gelöst' und das System wird den Problemstatus nach erfolgreicher Systemprüfung aktualisieren. Wenn Sie weiterhin Probleme haben, tippen Sie auf 'Problem melden', um unser Support-Team zu informieren.",
    "DB_FIX_DESC_CHARG_ISSUE": "Wenn das Gerät nicht eingeschaltet wird, schließen Sie es an den iPort Multi Dock für iPhones oder die iPort Base Station/Pillar an und überprüfen Sie, ob das Gerät geladen und eingeschaltet wird.\n\na. Wenn das iPhone mit den iPorts nicht geladen wird, entfernen Sie den iPort-Adapterstecker aus dem Gehäuse und schließen Sie ihn an das Apple-Wandladegerät an.\nb. Wenn das iPad nicht geladen wird, entfernen Sie es aus dem iPort-Gehäuse und schließen Sie es an das Apple-Wandladegerät an.\n\nWenn das Gerät immer noch nicht geladen wird, reichen Sie ein Ticket für die RMA (Austausch) des Geräts ein.",
    "DB_FIX_DESC_DEV_STOLE_LOST": "Wenn das Gerät im Geschäft fehlt, reichen Sie ein Ticket für verlorene/gestohlene Geräte ein, indem Sie auf die Schaltfläche \"Problem melden\" tippen.",
    "DB_FIX_DESC_DEV_DAM_BROKEN": "Wenn das Gerät defekt oder beschädigt ist, reichen Sie ein Ticket für ein verlorenes/gestohlenes Gerät ein, indem Sie auf die Schaltfläche \"Problem melden\" tippen.",
    "DB_FIX_DESC_DEV_NO_POWER": "Wenn das Gerät nicht eingeschaltet wird, schließen Sie es an den iPort Multi Dock für iPhones oder an iPort Base Station/Pillar an und überprüfen Sie, ob das Gerät aufgeladen wird und eingeschaltet ist.\n\na. Wenn das iPhone nicht über iPorts aufgeladen wird, entfernen Sie den iPort-Adapterstecker aus der Hülle und schließen Sie ihn an das Apple-Wandladegerät an.\nb. Wenn das iPad nicht aufgeladen wird, entfernen Sie es aus der iPort-Hülle und schließen Sie es an das Apple-Wandladegerät an.\n\nWenn das Gerät immer noch nicht aufgeladen wird, reichen Sie ein Ticket für die RMA (Austausch) des Geräts ein.",
    "DM_DS_OFFLINE_REASON": "1. Gehe zu den Einstellungen.\n2. Stelle sicher, dass das WLAN eingeschaltet ist und mit \"K-EVA\" verbunden ist.\n3. Wenn das Problem nicht behoben ist, verbinde es manuell, indem du auf \"K-EVA\" WLAN klickst.\n4. Wenn das Problem weiterhin besteht, starte das Gerät neu.",
    "DM_DS_BATTERY_REASON": "1. Stellen Sie sicher, dass das Gerät mit dem Ladeanschluss verbunden ist.\n2. Überprüfen Sie das Batteriesymbol mit einem Ladesymbol, um sicherzustellen, dass das Gerät geladen wird.",
    "DM_DS_APP_REASON": "1. Überprüfen Sie, ob das Gerät mit Wi-Fi verbunden ist.\n2. Öffnen Sie \"Self Service\" auf Ihrem Gerät.\n3. Durchsuchen oder suchen Sie die Self Service-Bibliothek, um die App zu finden.\n4. Wählen Sie die App aus und tippen Sie auf die Schaltfläche \"Installieren\", um sie auf Ihrem Gerät herunterzuladen und zu installieren.\n5. Sie sehen ein Häkchen, wenn die App auf dem Gerät installiert ist.",
    "DM_DS_OS_REASON": "Vor dem Schließen des Geschäfts für den Tag:\n1. Bestätigen Sie, dass das Gerät mit der Stromdockingstation verbunden ist.\n2. Bestätigen Sie, dass das Ladesymbol in der oberen rechten Ecke aktiv ist.\nStellen Sie sicher, dass das Gerät mit dem Netzwerk verbunden ist:\n1. Gehen Sie zu den Einstellungen.\n2. Stellen Sie sicher, dass das WLAN eingeschaltet ist und mit \"K-EVA\" verbunden ist.\n3. Wenn das Problem nicht behoben ist, verbinden Sie es manuell, indem Sie auf \"K-EVA\" Wi-Fi klicken.\n4. Wenn das Problem weiterhin besteht, starten Sie das Gerät neu.",
    "DM_DS_CERTICATES_REASON": "1. Gehe zu den Einstellungen.\n2. Stelle sicher, dass das WLAN eingeschaltet ist und mit \"K-EVA\" verbunden ist.\n3. Wenn das Problem nicht behoben ist, verbinde es manuell, indem du auf \"K-EVA\" WLAN klickst.\n4. Wenn das Problem weiterhin besteht, starte das Gerät neu.",
    "DM_DS_OFFLINE_REASON_TITLE": "Offline-Status",
    "DM_DS_BATTERY_REASON_TITLE": "Batterie",
    "DM_DS_APP_REASON_TITLE": "Apps",
    "DM_DS_OS_REASON_TITLE": "Betriebssystem",
    "DM_DS_CERTICATES_REASON_TITLE": "Zertifikate"
}