{
    "DM_SN_kiko_store_network": "Red",
    "DM_SN_kiko_store_sd_extra_activities": "Actividades Extra de SD",
    "DM_SN_kiko_store_hardware": "Hardware",
    "DM_SN_kiko_store_negoziando": "Negociando",
    "DM_SN_hardware": "Hardware",
    "DM_SN_kiko_store_ls_retail": "LS Retail",
    "DM_SN_network": "Red",
    "DM_SN_iPhone": "iPhone",
    "DM_SN_kiko_store_eva_uc": "EVA UC",
    "DM_SN_adyen": "Adyen",
    "DM_SN_kiko_store_software": "Software",
    "DM_SN_ipad": "iPad",
    "DM_SN_kiko_store_monitoring": "Monitoreo",
    "DM_SN_printer": "Impresora",
    "DM_SN_inquiry": "Consulta / Ayuda",
    "DM_SN_kiko_store_audio_video": "Audio/Video",
    "DM_SN_database": "Base de datos",
    "DM_SN_eva": "EVA",
    "DM_SN_clientela": "Clientela",
    "DM_SN_software": "Software",
    "DB_SN_iPad_Can’t_Connect": "No se puede conectar.",
    "DB_SN_iPad_Stolen_or_Lost": "Robado o perdido",
    "DB_SN_iPad_Charging": "Cargando",
    "DB_SN_iPad_Broken_Screen": "Pantalla rota",
    "DB_SN_iPad_Other": "Otro",
    "DB_SN_Adyen_Other": "Otro",
    "DB_SN_Adyen_Can’t_Connect": "No se puede conectar.",
    "DB_SN_Adyen_Payment_Issue": "Problema de pago",
    "DB_SN_Adyen_Lost_Device": "Dispositivo perdido",
    "DB_SN_Printer_Won’t_Print": "No se imprimirá",
    "DB_SN_Printer_Won’t_Turn_ON": "No se enciende",
    "DB_SN_Printer_Other": "Otro",
    "DB_SN_EVA_Financial_Closure": "Cierre financiero",
    "DB_SN_EVA_Login": "Inicio de sesión",
    "DB_SN_EVA_Promotions": "Promociones",
    "DB_SN_EVA_Gift_Cards": "Tarjetas de regalo",
    "DB_SN_EVA_Princing": "Princing -> Precificación",
    "DB_SN_Clientela_Login": "Iniciar sesión",
    "DB_SN_Clientela_Customer_Data": "Datos del cliente",
    "DB_SN_iPhone_Can’t_Connect": "No se puede conectar.",
    "DB_SN_iPhone_Stolen_or_Lost": "Robado o perdido",
    "DB_SN_iPhone_Charging": "Cargando",
    "DB_SN_iPhone_Broken_Screen": "Pantalla rota",
    "DB_SN_iPhone_Other": "Otro",
    "DM_SN_kiko_store_network_wifi_access_point": "Punto de acceso WiFi",
    "DM_SN_kiko_store_network_router": "Enrutador",
    "DM_SN_kiko_store_network_dati_fisso_bloccante": "Datos - Fijo - Bloqueante",
    "DM_SN_kiko_store_network_dati_fisso_nonbloccante": "Dati - Fijo - No Bloqueante Anomalía",
    "DM_SN_kiko_store_network_firewall": "Cortafuegos",
    "DM_SN_kiko_store_network_switch": "Interruptor",
    "DM_SN_kiko_store_sd_extra_activities_sd_callback_support_activity": "ACTIVIDAD DE SOPORTE DE DEVOLUCIÓN DE LLAMADA (SD CALLBACK SUPPORT ACTIVITY)",
    "DM_SN_kiko_store_hardware_drawer": "Cajón",
    "DM_SN_kiko_store_hardware_ipad": "iPad",
    "DM_SN_kiko_store_hardware_ipad_base_station": "Estación Base de iPad",
    "DM_SN_kiko_store_hardware_iphone": "iPhone",
    "DM_SN_kiko_store_hardware_charging_station": "Estación de carga",
    "DM_SN_kiko_store_hardware_credit_card_terminals": "Terminales de tarjetas de crédito",
    "DM_SN_kiko_store_hardware_backoffice_pc_monitor": "Monitor de PC de backoffice",
    "DM_SN_kiko_store_hardware_other": "Otro",
    "DM_SN_kiko_store_hardware_landline_mobile_phone": "Teléfono fijoTeléfono móvil",
    "DM_SN_kiko_store_hardware_printer_bo": "Impresora BO",
    "DM_SN_kiko_store_hardware_pc_backoffice": "PC Backoffice",
    "DM_SN_kiko_store_hardware_barcode_reader": "Lector de códigos de barras",
    "DM_SN_kiko_store_hardware_people_counter": "Contador de personas",
    "DM_SN_kiko_store_hardware_ticket_printer": "Impresora de boletos",
    "DM_SN_kiko_store_hardware_toshiba_hp_till": "ToshibaHP Caja",
    "DM_SN_kiko_store_hardware_ups": "UPS",
    "DM_SN_kiko_store_negoziando_cash_desk_managent": "Gestión de caja",
    "DM_SN_kiko_store_negoziando_credential": "Credencial",
    "DM_SN_kiko_store_negoziando_loyalty": "Lealtad",
    "DM_SN_kiko_store_negoziando_item_price": "Precio del artículo",
    "DM_SN_kiko_store_negoziando_invoice_credit_note": "Factura/Nota de crédito",
    "DM_SN_kiko_store_negoziando_giftcard": "Tarjeta de regalo",
    "DM_SN_kiko_store_negoziando_closure": "Cierre",
    "DM_SN_kiko_store_negoziando_inventory": "Inventario",
    "DM_SN_kiko_store_negoziando_banking_money": "Banca Dinero",
    "DM_SN_kiko_store_negoziando_till_access": "Hasta el acceso",
    "DM_SN_kiko_store_negoziando_vouchers": "Vales",
    "DM_SN_kiko_store_negoziando_returns": "Devoluciones",
    "DM_SN_kiko_store_negoziando_stock_receiving": "Inventario/Recepción",
    "DM_SN_kiko_store_negoziando_promo": "Promoción",
    "DM_SN_kiko_store_negoziando_report": "Informe",
    "DM_SN_kiko_store_ls_retail_invoice_credit_note": "Factura/Nota de crédito",
    "DM_SN_kiko_store_ls_retail_returns": "Devoluciones",
    "DM_SN_kiko_store_ls_retail_cash_desk": "Gestión de caja",
    "DM_SN_kiko_store_ls_retail_item_price": "Precio del artículo",
    "DM_SN_kiko_store_ls_retail_credential": "Credencial",
    "DM_SN_kiko_store_ls_retail_loyalty": "Lealtad",
    "DM_SN_kiko_store_ls_retail_giftcard": "Tarjeta de regalo",
    "DM_SN_kiko_store_ls_retail_promo": "Promoción",
    "DM_SN_kiko_store_ls_retail_vouchers": "Vales",
    "DM_SN_kiko_store_ls_retail_safe_transfer": "Transferencia segura",
    "DM_SN_kiko_store_ls_retail_statement": "Declaración",
    "DM_SN_kiko_store_ls_retail_stock_management": "Gestión de inventario",
    "DM_SN_kiko_store_eva_uc_vouchers": "Vales",
    "DM_SN_kiko_store_eva_uc_stock_and_task_management": "Gestión de inventario y tareas",
    "DM_SN_kiko_store_eva_uc_returns": "Devoluciones",
    "DM_SN_kiko_store_eva_uc_customers_display_app": "Aplicación de visualización de clientes",
    "DM_SN_kiko_store_eva_uc_basket_transfer": "Transferencia de canasta",
    "DM_SN_kiko_store_eva_uc_loyalty": "Lealtad",
    "DM_SN_kiko_store_eva_uc_pos_sales_app": "Aplicación de ventas POS",
    "DM_SN_kiko_store_eva_uc_giftcard": "Tarjeta de regalo",
    "DM_SN_kiko_store_eva_uc_power_bi": "PowerBI",
    "DM_SN_kiko_store_eva_uc_item_price_barcode": "Precio del artículo Código de barras",
    "DM_SN_kiko_store_eva_uc_promo": "Promoción",
    "DM_SN_kiko_store_software_personal_corporate_credentials": "Credenciales Corporativas Personales",
    "DM_SN_kiko_store_software_open_office": "Oficina Abierta",
    "DM_SN_kiko_store_software_windows": "Ventanas",
    "DM_SN_kiko_store_software_ilabels": "Etiquetas",
    "DM_SN_kiko_store_software_beKiko_login": "Inicio de sesión BeKiko",
    "DM_SN_kiko_store_software_other": "Otro",
    "DM_SN_kiko_store_software_outlook _webmail": "Correo web de Outlook",
    "DM_SN_kiko_store_software_browser_navigation": "Navegador/Navegación",
    "DM_SN_kiko_store_monitoring_router_down": "Router caído",
    "DM_SN_kiko_store_monitoring_cpu_load": "Carga de CPU",
    "DM_SN_kiko_store_monitoring_till_ipad_iphone_offline": "TillIpadIphone fuera de línea",
    "DM_SN_kiko_store_monitoring_internet_access": "Acceso a Internet",
    "DM_SN_kiko_store_monitoring_server_down": "Servidor caído.",
    "DM_SN_kiko_store_monitoring_hard_disk_with_free": "Disco duro con < 2% libre",
    "DM_SN_kiko_store_audio_video_audio_amplifier": "Amplificador de audio",
    "DM_SN_kiko_store_audio_video_video_splitter": "Divisor de video",
    "DM_SN_kiko_store_audio_video_digital_windows": "Ventanas digitales",
    "DM_SN_kiko_store_audio_video_other": "Otro",
    "DM_SN_kiko_store_audio_video_thin_client": "Cliente ligero",
    "DM_SN_kiko_store_software_Others": "Otro",
    "DB_DT_WATCHTOWER": "TORRE DE VIGILANCIA",
    "DB_DT_IPAD": "IPAD",
    "DB_DT_IPHONE": "IPHONE",
    "DB_DT_PRINTER": "IMPRESORA",
    "DB_DT_PAYMENT": "PAGO",
    "SM_ACTION_OFFLINE_DESC": "Este dispositivo está desconectado desde hace %@ horas. Seleccione el problema respectivo para ver los pasos a seguir para resolverlo.",
    "SM_ACTION_APPS_OUTDATED_DESC": "Este dispositivo tiene aplicación(es) obsoleta(s). La resolución sugerida es para la(s) aplicación(es) a continuación.\n1. Cornerstone\n2. Workjam\n3. Jamf",
    "SM_ACTION_OS_OUTDATED_DESC": "El sistema operativo de este dispositivo está desactualizado desde hace %@ horas. Seleccione el problema correspondiente para ver los pasos para resolverlo.",
    "SM_ACTION_TITLE_OFFLINE": "Dispositivo sin conexión",
    "SM_ACTION_TITLE_APP_OUTDATED": "Aplicación desactualizada",
    "SM_ACTION_TITLE_OS_OUTDATED": "Actualización del sistema operativo",
    "DB_FIX_TITLE_OS_UPDATE_FAIL": "Sistema operativo desactualizado",
    "DB_FIX_DESC_OS_UPDATE_FAIL": "Asegúrate antes de cerrar la tienda por el día:\n 1. Confirmar que el dispositivo esté conectado al dock de carga.\n 2. Confirmar que el ícono de carga en la esquina superior derecha esté activo.\n \n Asegurar que el dispositivo esté conectado a la red siguiendo los siguientes pasos:\n 1. Ir a Configuración.\n 2. Asegurarse de que el WiFi esté ENCENDIDO y conectado a \"K-EVA\".\n 3. Si no, conéctalo manualmente haciendo clic en el WiFi \"K-EVA\".\n \n 4. Si el problema persiste, reinicia el dispositivo.",
    "SM_ST_MyActionsGuides": "Mis acciones te guían para tomar las acciones necesarias para resolver problemas relacionados con los dispositivos de la tienda.",
    "SM_ST_ServiceNowCreated": "%@ %@ creó un ticket de Service Now",
    "SM_ST_TookActions": "%@ %@ tomó las acciones",
    "SM_ST_Copyright": "© 2024 Streamline, LLC\n\n© 2024 Streamline, LLC",
    "SM_ST_AccessPoints": "Puntos de acceso",
    "SM_ST_ActionList": "Lista de acción",
    "SM_ST_ActionSubmitted": "Acción enviada con éxito",
    "SM_ST_Address": "Dirección",
    "SM_ST_Alert": "Alerta",
    "SM_ST_All": "Todo",
    "SM_ST_AllNotifications": "Todas las notificaciones en un solo lugar.",
    "SM_ST_Approved": "Aprobado",
    "SM_ST_APPROVED": "APROBADO",
    "SM_ST_Apps": "Aplicaciones",
    "SM_ST_AtRisk": "En riesgo",
    "SM_ST_Certificates": "Certificados",
    "SM_ST_CheckCables": "Verifica tus cables y conexiones.",
    "SM_ST_Configured": "Configurado",
    "SM_ST_Connectivity": "Conectividad",
    "SM_ST_DashboardView": "Vista del panel de control de todos los dispositivos de tu tienda junto con el recuento del estado de salud.",
    "SM_ST_DeviceDetails": "Detalles del dispositivo",
    "SM_ST_DeviceOffline": "Dispositivo sin conexión",
    "SM_ST_Disclaimer": "Descargo de responsabilidad",
    "SM_ST_EasyAccess": "Acceso fácil a la salud del dispositivo.",
    "SM_ST_Error": "Error",
    "SM_ST_ErrorSubmission": "Error al enviar. Por favor, inténtalo de nuevo.",
    "SM_ST_ErrorSubmittingAction": "Error al enviar la acción.",
    "SM_ST_Fix": "Arreglar",
    "SM_ST_FixFailed": "Reparación fallida. Por favor, inténtelo de nuevo.",
    "SM_ST_FixInProcess": "La reparación está en proceso. Vuelve a revisar después de un tiempo.",
    "SM_ST_Fixes": "Arreglos",
    "SM_ST_GoToSettings": "Ir a Configuración",
    "SM_ST_Health": "Salud",
    "SM_ST_iEnterprise": "iEmpresa",
    "SM_ST_INSTALLED": "INSTALADO",
    "SM_ST_iOS": "iOS",
    "SM_ST_IOT": "IOT",
    "SM_ST_iPhones": "iPhones",
    "SM_ST_iPads": "iPads",
    "SM_ST_IssueLoadingData": "Problema al cargar datos",
    "SM_ST_Issues": "Problemas",
    "SM_ST_KeepDevicesUpdated": "Mantén tus dispositivos actualizados.",
    "SM_ST_LastConnected": "Última conexión",
    "SM_ST_LetUsKnowMore": "Háganos saber más.",
    "SM_ST_LocationPermissionDenied": "Permiso de ubicación denegado",
    "SM_ST_CheckWifiOn": "Asegúrate de que tu Wi-Fi esté encendido y puedas ver tu red.",
    "SM_ST_CheckRouterOn": "Asegúrate de que tu enrutador esté encendido y estés dentro del alcance.",
    "SM_ST_MobileDevices": "Dispositivos móviles",
    "SM_ST_Model": "Model -> Modelo",
    "SM_ST_MyActions": "Mis acciones",
    "SM_ST_NeverMissAnnouncement": "Nunca te pierdas ningún anuncio para operaciones eficientes y fluidas con \"Actualizaciones del sistema\".",
    "SM_ST_NewIssue": "Nuevo número",
    "SM_ST_NoActionsPending": "No hay acciones pendientes.",
    "SM_ST_NoDevices": "Sin dispositivos",
    "SM_ST_NoDevicesAvailable": "No hay dispositivos disponibles para esta selección.",
    "SM_ST_NoDevicesLower": "sin dispositivos",
    "SM_ST_NoUpdates": "Sin actualizaciones",
    "SM_ST_NotConfigured": "No configurado",
    "SM_ST_Notification": "Notificación",
    "SM_ST_Notifications": "Notificaciones",
    "SM_ST_Ok": "ok",
    "SM_ST_OK": "OK",
    "SM_ST_Other": "Otro",
    "SM_ST_OtherDevices": "Otros dispositivos",
    "SM_ST_Others": "Otros",
    "SM_ST_Payment": "Pago",
    "SM_ST_PaymentDevices": "Dispositivos de pago",
    "SM_ST_CheckInternet": "Por favor, verifica tu conexión a internet. Conecta el dispositivo a internet.",
    "SM_ST_PleaseRetry": "Por favor, inténtalo de nuevo.",
    "SM_ST_PoweredBy": "impulsado por",
    "SM_ST_PoweredByIEnterprise": "impulsado por iEnterprise",
    "SM_ST_Printer": "Impresora",
    "SM_ST_Printers": "Impresoras",
    "SM_ST_PrivacyPolicy": "Política de privacidad",
    "SM_ST_ProceedToApp": "Proceda a la aplicación.",
    "SM_ST_Profile": "Perfil",
    "SM_ST_PullToRefresh": "Tire hacia abajo para actualizar.",
    "SM_ST_RaiseConcern": "Expresa tu preocupación y la resolveremos.",
    "SM_ST_RaiseTrackResolve": "Elevar, rastrear y resolver todas sus consultas relacionadas con los dispositivos bajo un mismo techo.",
    "SM_ST_RateExperience": "Califica tu experiencia.",
    "SM_ST_ReportIssue": "Informar problema",
    "SM_ST_Report": "Informe",
    "SM_ST_Request": "Solicitud",
    "SM_ST_ResolveActionSubmitted": "Acción resuelta enviada con éxito.",
    "SM_ST_Resolved": "Resuelto",
    "SM_ST_RestartDevice": "Reinicia tu dispositivo.",
    "SM_ST_Retry": "Reintentar",
    "SM_ST_SelectIssueForSteps": "Seleccione el problema respectivo para ver los pasos para resolverlo",
    "SM_ST_SerialNumberEmpty": "El número de serie está vacío.",
    "SM_ST_SignIn": "Iniciar sesión",
    "SM_ST_SignOut": "Cerrar sesión",
    "SM_ST_Login": "Iniciar sesión",
    "SM_ST_Logout": "Cerrar sesión",
    "SM_ST_StillFacingIssue": "¿Todavía enfrentando un problema?",
    "SM_ST_StoreHealth": "Salud de la tienda.",
    "SM_ST_StoreID": "ID de tienda: 100",
    "SM_ST_StoreReports": "Informes de la tienda",
    "SM_ST_Transactions": "Transacciones",
    "SM_ST_PaymentModes": "Modos de pago",
    "SM_ST_Products": "Productos",
    "SM_ST_Inventry": "Inventario",
    "SM_ST_Employees": "Empleados",
    "SM_ST_Submit": "Enviar",
    "SM_ST_Switches": "Interruptores",
    "SM_ST_SystemUpdates": "Actualizaciones del sistema",
    "SM_ST_Updates": "Actualizaciones",
    "SM_ST_ThankYouForSharing": "Gracias por compartir tu experiencia.",
    "SM_ST_NoDataCollection": "Esta aplicación no recopila ni comparte datos de identificación personal con ningún tercero por ningún motivo.",
    "SM_ST_DeviceOfflineFewDays": "Este dispositivo está fuera de línea desde hace unos días. Por favor, enciéndalo y conéctese a la red WiFi de K-EVA. Empujaremos las actualizaciones automáticamente.",
    "SM_ST_Total": "Total",
    "SM_ST_TotalDevices": "Dispositivos Totales",
    "SM_ST_UnableToLoadData": "No se puede cargar los datos. Por favor, inténtelo de nuevo.",
    "SM_ST_UnauthorizedAccess": "Acceso no autorizado",
    "SM_ST_Unhealthy": "No saludable",
    "SM_ST_NotAuthorizedAccess": "No tienes autorización para acceder a esta aplicación.",
    "SM_ST_YouAreOnTrack": "¡Vas por buen camino! No hay acciones pendientes para la tienda.",
    "SM_ST_DeviceNotConnected": "Tu dispositivo no está conectado a internet.",
    "SM_ST_LocationForNetwork": "La ubicación de su dispositivo se utiliza para obtener información sobre la salud de la red. Habilita los servicios de ubicación desde Configuración.",
    "SM_ST_EnsureWifiON": "Asegúrate de que el wifi esté ENCENDIDO y conectado a 'K-EVA'.",
    "SM_ST_ConnectWifiManually": "Si no, conéctelo manualmente haciendo clic en la wifi 'K-EVA'.",
    "SM_ST_IfProblemStillExists": "Si el problema persiste, reinicia el dispositivo.",
    "DB_FIX_TITLE_DEV_SWITCHED_OFF": "Dispositivo apagado",
    "DB_FIX_TITLE_NET_CONN_LOST": "Conexión de red perdida",
    "DB_FIX_TITLE_CHARG_ISSUE": "Problema de carga",
    "DB_FIX_TITLE_DEV_STOLE_LOST": "Dispositivo robado o perdido",
    "DB_FIX_TITLE_DEV_DAM_BROKEN": "Dispositivo dañado o roto",
    "DB_FIX_TITLE_DEV_NO_POWER": "El dispositivo no se enciende",
    "DB_FIX_DESC_DEV_SWITCHED_OFF": "Si el dispositivo no se enciende, conéctelo al iPort Multi Dock para iPhones o a la Estación/Pilar iPort y verifique si el dispositivo se carga y se enciende.\n\na. Si el iPhone no se carga usando iPorts, retire el adaptador del iPort del estuche y conéctelo al cargador de pared de Apple.\nb. Si el iPad no se carga, retírelo del estuche iPort y conéctelo al cargador de pared de Apple.\n\nSi el dispositivo aún no se carga, envíe una solicitud de RMA (reemplazo) del dispositivo.",
    "DB_FIX_DESC_NET_CONN_LOST": "En caso de que haya un problema al conectar tu Wi-Fi en tu iPhone o iPad.\n\n1. Asegúrate de que tu router esté encendido.\n2. Asegúrate de que el dispositivo esté dentro del alcance.\n3. Asegúrate de que el Wi-Fi esté encendido y puedas ver tu red.\n4. Reinicia el dispositivo.\n\nNota: Si sigues los pasos anteriores y tocas en 'Resuelto', el sistema actualizará el estado del problema después de una verificación exitosa del sistema. Si sigues teniendo el problema, toca en 'Informar problema' para notificar a nuestro equipo de soporte.",
    "DB_FIX_DESC_CHARG_ISSUE": "Si el dispositivo no se enciende, conéctelo al iPort Multi Dock para iPhones o a la iPort Base Station/Pillar y compruebe si el dispositivo se carga y enciende.\n\na. Si el iPhone no se carga con los iPorts, retire el adaptador del iPort del estuche y conéctelo al cargador de pared de Apple.\nb. Si el iPad no se carga, retírelo del estuche iPort y conéctelo al cargador de pared de Apple.\n\nSi el dispositivo aún no se carga, envíe un ticket para el RMA (reemplazo) del dispositivo.",
    "DB_FIX_DESC_DEV_STOLE_LOST": "Si el dispositivo falta en la tienda, envíe un ticket de Dispositivo Perdido/Robado tocando el botón \"Reportar Problema\".",
    "DB_FIX_DESC_DEV_DAM_BROKEN": "Si el dispositivo está roto o dañado, envía un ticket de Dispositivo Perdido/Robado tocando el botón \"Reportar Problema\".",
    "DB_FIX_DESC_DEV_NO_POWER": "Si el dispositivo no se enciende, conéctelo a iPort Multi Dock para iPhones o iPort Base Station/Pillar y verifique si el dispositivo se carga y se enciende.\n\na. Si el iPhone no se carga usando iPorts, retire el adaptador de iPort del estuche y conéctelo al cargador de pared de Apple.\nb. Si el iPad no se carga, retírelo del estuche de iPort y conéctelo al cargador de pared de Apple.\n\nSi el dispositivo aún no se carga, envíe un ticket para RMA (reemplazo) del dispositivo.",
    "DM_DS_OFFLINE_REASON": "1. Ve a Configuración.\n2. Asegúrate de que el wifi esté ENCENDIDO y conectado a \"K-EVA\".\n3. Si el problema no se resuelve, conéctalo manualmente haciendo clic en \"K-EVA\" Wi-Fi.\n4. Si el problema persiste, reinicia el dispositivo.",
    "DM_DS_BATTERY_REASON": "1. Asegúrate de que el dispositivo esté conectado al punto de carga.\n2. Verifica el ícono de la batería con un ícono de carga para asegurarte de que el dispositivo se esté cargando.",
    "DM_DS_APP_REASON": "1. Verifica que el dispositivo esté conectado a Wi-Fi.\n2. Abre 'Self Service' en tu dispositivo.\n3. Navega o busca en la Biblioteca de Self Service para localizar la aplicación.\n4. Selecciona la aplicación y pulsa el botón \"Instalar\" para descargar e instalarla en tu dispositivo.\n5. Verás una marca de verificación cuando la aplicación esté instalada en el dispositivo.",
    "DM_DS_OS_REASON": "Antes de cerrar la tienda por el día:\n1. Confirma que el dispositivo esté conectado al dock de carga.\n2. Confirma que el icono de carga en la esquina superior derecha esté activo.\nAsegúrate de que el dispositivo esté conectado a la red:\n1. Ve a Configuración.\n2. Asegúrate de que el wifi esté ENCENDIDO y conectado a \"K-EVA\".\n3. Si el problema no se resuelve, conéctalo manualmente haciendo clic en \"K-EVA\" Wi-Fi.\n4. Si el problema persiste, reinicia el dispositivo.",
    "DM_DS_CERTICATES_REASON": "1. Ve a Configuración.\n2. Asegúrate de que el wifi esté ENCENDIDO y conectado a \"K-EVA\".\n3. Si el problema no se resuelve, conéctalo manualmente haciendo clic en \"K-EVA\" Wi-Fi.\n4. Si el problema persiste, reinicia el dispositivo.",
    "DM_DS_OFFLINE_REASON_TITLE": "Estado sin conexión",
    "DM_DS_BATTERY_REASON_TITLE": "Batería",
    "DM_DS_APP_REASON_TITLE": "Aplicaciones",
    "DM_DS_OS_REASON_TITLE": "VOSotros",
    "DM_DS_CERTICATES_REASON_TITLE": "Certificados"
}