{
    "DM_SN_kiko_store_network": "Réseau",
    "DM_SN_kiko_store_sd_extra_activities": "Activités supplémentaires SD",
    "DM_SN_kiko_store_hardware": "Matériel",
    "DM_SN_kiko_store_negoziando": "Négociant",
    "DM_SN_hardware": "Matériel",
    "DM_SN_kiko_store_ls_retail": "LS Retail",
    "DM_SN_network": "Réseau",
    "DM_SN_iPhone": "iPhone",
    "DM_SN_kiko_store_eva_uc": "EVA UC",
    "DM_SN_adyen": "Adyen",
    "DM_SN_kiko_store_software": "Logiciel",
    "DM_SN_ipad": "iPad",
    "DM_SN_kiko_store_monitoring": "Surveillance",
    "DM_SN_printer": "Imprimante",
    "DM_SN_inquiry": "Enquête / Aide",
    "DM_SN_kiko_store_audio_video": "Audio/vidéo",
    "DM_SN_database": "Base de données",
    "DM_SN_eva": "EVA",
    "DM_SN_clientela": "Clientèle",
    "DM_SN_software": "Logiciel",
    "DB_SN_iPad_Can’t_Connect": "Impossible de se connecter",
    "DB_SN_iPad_Stolen_or_Lost": "Volé ou perdu",
    "DB_SN_iPad_Charging": "Rechargement",
    "DB_SN_iPad_Broken_Screen": "Écran cassé",
    "DB_SN_iPad_Other": "Autre",
    "DB_SN_Adyen_Other": "Autre",
    "DB_SN_Adyen_Can’t_Connect": "Impossible de se connecter",
    "DB_SN_Adyen_Payment_Issue": "Problème de paiement",
    "DB_SN_Adyen_Lost_Device": "Appareil perdu",
    "DB_SN_Printer_Won’t_Print": "Ne sera pas imprimé.",
    "DB_SN_Printer_Won’t_Turn_ON": "Ne s'allumera pas",
    "DB_SN_Printer_Other": "Autre",
    "DB_SN_EVA_Financial_Closure": "Clôture financière",
    "DB_SN_EVA_Login": "Connexion",
    "DB_SN_EVA_Promotions": "Promotions",
    "DB_SN_EVA_Gift_Cards": "Cartes-cadeaux",
    "DB_SN_EVA_Princing": "Princing -> Tarification",
    "DB_SN_Clientela_Login": "Connexion",
    "DB_SN_Clientela_Customer_Data": "Données client",
    "DB_SN_iPhone_Can’t_Connect": "Impossible de se connecter",
    "DB_SN_iPhone_Stolen_or_Lost": "Volé ou perdu",
    "DB_SN_iPhone_Charging": "Chargement",
    "DB_SN_iPhone_Broken_Screen": "Écran cassé",
    "DB_SN_iPhone_Other": "Autre",
    "DM_SN_kiko_store_network_wifi_access_point": "Point d'accès WiFi",
    "DM_SN_kiko_store_network_router": "Routeur",
    "DM_SN_kiko_store_network_dati_fisso_bloccante": "Données - Fixe - Bloquant",
    "DM_SN_kiko_store_network_dati_fisso_nonbloccante": "Données - Fixe - Non BloquantAnomalie",
    "DM_SN_kiko_store_network_firewall": "Firewall",
    "DM_SN_kiko_store_network_switch": "Interrupteur",
    "DM_SN_kiko_store_sd_extra_activities_sd_callback_support_activity": "ACTIVITÉ DE SUPPORT DE RAPPEL SD",
    "DM_SN_kiko_store_hardware_drawer": "Tiroir",
    "DM_SN_kiko_store_hardware_ipad": "iPad",
    "DM_SN_kiko_store_hardware_ipad_base_station": "Station de base pour iPad",
    "DM_SN_kiko_store_hardware_iphone": "iPhone",
    "DM_SN_kiko_store_hardware_charging_station": "Station de recharge",
    "DM_SN_kiko_store_hardware_credit_card_terminals": "Terminaux de carte de crédit",
    "DM_SN_kiko_store_hardware_backoffice_pc_monitor": "Moniteur PC de backoffice",
    "DM_SN_kiko_store_hardware_other": "Autre",
    "DM_SN_kiko_store_hardware_landline_mobile_phone": "Téléphone fixeTéléphone portable",
    "DM_SN_kiko_store_hardware_printer_bo": "Imprimante BO",
    "DM_SN_kiko_store_hardware_pc_backoffice": "PC Backoffice",
    "DM_SN_kiko_store_hardware_barcode_reader": "Lecteur de code-barres",
    "DM_SN_kiko_store_hardware_people_counter": "Compteur de personnes",
    "DM_SN_kiko_store_hardware_ticket_printer": "Imprimante de tickets",
    "DM_SN_kiko_store_hardware_toshiba_hp_till": "ToshibaHP Caissière",
    "DM_SN_kiko_store_hardware_ups": "UPS",
    "DM_SN_kiko_store_negoziando_cash_desk_managent": "Gestion de la caisse",
    "DM_SN_kiko_store_negoziando_credential": "Crédential",
    "DM_SN_kiko_store_negoziando_loyalty": "Loyauté",
    "DM_SN_kiko_store_negoziando_item_price": "Prix de l'article",
    "DM_SN_kiko_store_negoziando_invoice_credit_note": "Facture/Note de crédit",
    "DM_SN_kiko_store_negoziando_giftcard": "Carte-cadeau",
    "DM_SN_kiko_store_negoziando_closure": "Fermeture",
    "DM_SN_kiko_store_negoziando_inventory": "Inventaire",
    "DM_SN_kiko_store_negoziando_banking_money": "Argent bancaire",
    "DM_SN_kiko_store_negoziando_till_access": "Accès jusqu'à",
    "DM_SN_kiko_store_negoziando_vouchers": "Bons de réduction",
    "DM_SN_kiko_store_negoziando_returns": "Retours",
    "DM_SN_kiko_store_negoziando_stock_receiving": "Stock/Réception",
    "DM_SN_kiko_store_negoziando_promo": "Promotion",
    "DM_SN_kiko_store_negoziando_report": "Rapport",
    "DM_SN_kiko_store_ls_retail_invoice_credit_note": "Facture / Note de crédit",
    "DM_SN_kiko_store_ls_retail_returns": "Retours",
    "DM_SN_kiko_store_ls_retail_cash_desk": "Gestion de la caisse",
    "DM_SN_kiko_store_ls_retail_item_price": "Prix de l'article",
    "DM_SN_kiko_store_ls_retail_credential": "Crédential",
    "DM_SN_kiko_store_ls_retail_loyalty": "Loyauté",
    "DM_SN_kiko_store_ls_retail_giftcard": "Carte-cadeau",
    "DM_SN_kiko_store_ls_retail_promo": "Promotion",
    "DM_SN_kiko_store_ls_retail_vouchers": "Bons de réduction",
    "DM_SN_kiko_store_ls_retail_safe_transfer": "Transfert sécurisé",
    "DM_SN_kiko_store_ls_retail_statement": "Déclaration",
    "DM_SN_kiko_store_ls_retail_stock_management": "Gestion des stocks",
    "DM_SN_kiko_store_eva_uc_vouchers": "Bons d'achat",
    "DM_SN_kiko_store_eva_uc_stock_and_task_management": "Gestion des stocks et des tâches",
    "DM_SN_kiko_store_eva_uc_returns": "Retours",
    "DM_SN_kiko_store_eva_uc_customers_display_app": "Application d'affichage des clients",
    "DM_SN_kiko_store_eva_uc_basket_transfer": "Transfert de panier",
    "DM_SN_kiko_store_eva_uc_loyalty": "Loyauté",
    "DM_SN_kiko_store_eva_uc_pos_sales_app": "Application de vente POS",
    "DM_SN_kiko_store_eva_uc_giftcard": "Carte-cadeau",
    "DM_SN_kiko_store_eva_uc_power_bi": "PowerBI",
    "DM_SN_kiko_store_eva_uc_item_price_barcode": "Prix de l'article Code-barres",
    "DM_SN_kiko_store_eva_uc_promo": "Promotion",
    "DM_SN_kiko_store_software_personal_corporate_credentials": "Identifiants personnels d'entreprise",
    "DM_SN_kiko_store_software_open_office": "Bureau ouvert",
    "DM_SN_kiko_store_software_windows": "Fenêtres",
    "DM_SN_kiko_store_software_ilabels": "Étiquettes",
    "DM_SN_kiko_store_software_beKiko_login": "Connexion BeKiko",
    "DM_SN_kiko_store_software_other": "Autre",
    "DM_SN_kiko_store_software_outlook _webmail": "Outlook WebMail",
    "DM_SN_kiko_store_software_browser_navigation": "Navigateur/Navigation",
    "DM_SN_kiko_store_monitoring_router_down": "Routeur en panne",
    "DM_SN_kiko_store_monitoring_cpu_load": "Charge du processeur",
    "DM_SN_kiko_store_monitoring_till_ipad_iphone_offline": "TillIpadIphone hors ligne",
    "DM_SN_kiko_store_monitoring_internet_access": "Accès à Internet",
    "DM_SN_kiko_store_monitoring_server_down": "Serveur hors service",
    "DM_SN_kiko_store_monitoring_hard_disk_with_free": "Disque dur avec < 2% libre",
    "DM_SN_kiko_store_audio_video_audio_amplifier": "Amplificateur audio",
    "DM_SN_kiko_store_audio_video_video_splitter": "Diviseur de vidéo",
    "DM_SN_kiko_store_audio_video_digital_windows": "Fenêtres numériques",
    "DM_SN_kiko_store_audio_video_other": "Autre",
    "DM_SN_kiko_store_audio_video_thin_client": "Client léger",
    "DM_SN_kiko_store_software_Others": "Autre",
    "DB_DT_WATCHTOWER": "GUÉRITE",
    "DB_DT_IPAD": "IPAD",
    "DB_DT_IPHONE": "IPHONE",
    "DB_DT_PRINTER": "IMPRIMANTE",
    "DB_DT_PAYMENT": "PAIEMENT",
    "SM_ACTION_OFFLINE_DESC": "Cet appareil est hors ligne depuis %@ heures. Sélectionnez le problème correspondant pour les étapes de résolution.",
    "SM_ACTION_APPS_OUTDATED_DESC": "Cet appareil a des application(s) obsolètes. La résolution suggérée est pour l'application(s) ci-dessous.\n1. Cornerstone\n2. Workjam\n3. Jamf",
    "SM_ACTION_OS_OUTDATED_DESC": "Le système d'exploitation de cet appareil est obsolète depuis %@ heures. Sélectionnez le problème correspondant pour obtenir les étapes de résolution.",
    "SM_ACTION_TITLE_OFFLINE": "Appareil hors ligne",
    "SM_ACTION_TITLE_APP_OUTDATED": "Application obsolète",
    "SM_ACTION_TITLE_OS_OUTDATED": "Mise à jour du système d'exploitation",
    "DB_FIX_TITLE_OS_UPDATE_FAIL": "Système d'exploitation obsolète",
    "DB_FIX_DESC_OS_UPDATE_FAIL": "Assurez-vous avant de fermer le magasin pour la journée :\n1. Confirmez que l'appareil est connecté au dock d'alimentation.\n2. Confirmez que l'icône de charge dans le coin supérieur droit est active.\n\nAssurez-vous que l'appareil est connecté au réseau en suivant les étapes ci-dessous :\n1. Allez dans Paramètres.\n2. Assurez-vous que le WiFi est activé et connecté à \"K-EVA\".\n3. Sinon, connectez-le manuellement en cliquant sur le WiFi \"K-EVA\".\n\n4. Si le problème persiste, redémarrez l'appareil.",
    "SM_ST_MyActionsGuides": "Mes Actions vous guident pour prendre les mesures nécessaires afin de résoudre les problèmes liés aux appareils du magasin.",
    "SM_ST_ServiceNowCreated": "%@ %@ a créé un ticket Service Now",
    "SM_ST_TookActions": "%@ %@ a pris les actions",
    "SM_ST_Copyright": "© 2024 Streamline, LLC\n\nTranslated to French: © 2024 Streamline, LLC",
    "SM_ST_AccessPoints": "Points d'accès",
    "SM_ST_ActionList": "Liste d'actions",
    "SM_ST_ActionSubmitted": "Action soumise avec succès",
    "SM_ST_Address": "Adresse",
    "SM_ST_Alert": "Alerte",
    "SM_ST_All": "Tout",
    "SM_ST_AllNotifications": "Toutes les notifications sous un même toit",
    "SM_ST_Approved": "Approuvé",
    "SM_ST_APPROVED": "APPROUVÉ",
    "SM_ST_Apps": "Applications",
    "SM_ST_AtRisk": "À risque",
    "SM_ST_Certificates": "Certificats",
    "SM_ST_CheckCables": "Vérifiez vos câbles et connexions.",
    "SM_ST_Configured": "Configuré",
    "SM_ST_Connectivity": "Connectivité",
    "SM_ST_DashboardView": "Vue du tableau de bord de tous vos appareils de magasin ainsi que du nombre d'états de santé.",
    "SM_ST_DeviceDetails": "Détails de l'appareil",
    "SM_ST_DeviceOffline": "Appareil hors ligne",
    "SM_ST_Disclaimer": "Clause de non-responsabilité",
    "SM_ST_EasyAccess": "Accès facile à la santé des appareils.",
    "SM_ST_Error": "Erreur",
    "SM_ST_ErrorSubmission": "Erreur lors de la soumission. Veuillez réessayer.",
    "SM_ST_ErrorSubmittingAction": "Erreur lors de la soumission de l'action.",
    "SM_ST_Fix": "Réparer",
    "SM_ST_FixFailed": "Échec de la réparation. Veuillez réessayer.",
    "SM_ST_FixInProcess": "La réparation est en cours. Veuillez vérifier de nouveau après un certain temps.",
    "SM_ST_Fixes": "Réparations",
    "SM_ST_GoToSettings": "Aller dans les paramètres",
    "SM_ST_Health": "Santé",
    "SM_ST_iEnterprise": "iEnterprise",
    "SM_ST_INSTALLED": "INSTALLÉ",
    "SM_ST_iOS": "iOS",
    "SM_ST_IOT": "IdO",
    "SM_ST_iPhones": "iPhones",
    "SM_ST_iPads": "iPad",
    "SM_ST_IssueLoadingData": "Problème de chargement des données",
    "SM_ST_Issues": "Problèmes",
    "SM_ST_KeepDevicesUpdated": "Gardez vos appareils à jour.",
    "SM_ST_LastConnected": "Dernière connexion",
    "SM_ST_LetUsKnowMore": "Faites-nous savoir plus",
    "SM_ST_LocationPermissionDenied": "Permission de localisation refusée",
    "SM_ST_CheckWifiOn": "Assurez-vous que votre Wi-Fi est activé et que vous pouvez voir votre réseau.",
    "SM_ST_CheckRouterOn": "Assurez-vous que votre routeur est allumé et que vous êtes dans la portée.",
    "SM_ST_MobileDevices": "Appareils mobiles",
    "SM_ST_Model": "Modèle",
    "SM_ST_MyActions": "Mes actions",
    "SM_ST_NeverMissAnnouncement": "Ne manquez jamais aucune annonce pour des opérations efficaces et fluides avec les \"Mises à jour du système\".",
    "SM_ST_NewIssue": "Nouvelle édition",
    "SM_ST_NoActionsPending": "Aucune action en attente",
    "SM_ST_NoDevices": "Aucun appareil",
    "SM_ST_NoDevicesAvailable": "Aucun appareil disponible pour cette sélection.",
    "SM_ST_NoDevicesLower": "pas d'appareils",
    "SM_ST_NoUpdates": "Pas de mises à jour",
    "SM_ST_NotConfigured": "Non configuré",
    "SM_ST_Notification": "Notification",
    "SM_ST_Notifications": "Notifications",
    "SM_ST_Ok": "D'accord",
    "SM_ST_OK": "D'accord",
    "SM_ST_Other": "Autre",
    "SM_ST_OtherDevices": "Autres appareils",
    "SM_ST_Others": "Autres",
    "SM_ST_Payment": "Paiement",
    "SM_ST_PaymentDevices": "Dispositifs de paiement",
    "SM_ST_CheckInternet": "Veuillez vérifier votre connexion internet. Connectez l'appareil à internet.",
    "SM_ST_PleaseRetry": "Veuillez réessayer.",
    "SM_ST_PoweredBy": "alimenté par",
    "SM_ST_PoweredByIEnterprise": "alimenté par iEnterprise",
    "SM_ST_Printer": "Imprimante",
    "SM_ST_Printers": "Imprimantes",
    "SM_ST_PrivacyPolicy": "Politique de confidentialité",
    "SM_ST_ProceedToApp": "Passer à l'application",
    "SM_ST_Profile": "Profil",
    "SM_ST_PullToRefresh": "Tirer vers le bas pour rafraîchir",
    "SM_ST_RaiseConcern": "Exprimez votre préoccupation et nous la résoudrons.",
    "SM_ST_RaiseTrackResolve": "Élever, suivre et résoudre toutes vos demandes liées aux appareils sous un même toit",
    "SM_ST_RateExperience": "Évaluez votre expérience",
    "SM_ST_ReportIssue": "Signaler un problème",
    "SM_ST_Report": "Rapport",
    "SM_ST_Request": "Demande",
    "SM_ST_ResolveActionSubmitted": "Action résolue soumise avec succès",
    "SM_ST_Resolved": "Résolu",
    "SM_ST_RestartDevice": "Redémarrez votre appareil.",
    "SM_ST_Retry": "Réessayer",
    "SM_ST_SelectIssueForSteps": "Sélectionnez le problème correspondant pour les étapes de résolution.",
    "SM_ST_SerialNumberEmpty": "Le numéro de série est vide",
    "SM_ST_SignIn": "Se connecter",
    "SM_ST_SignOut": "Déconnexion",
    "SM_ST_Login": "Connexion",
    "SM_ST_Logout": "Déconnexion",
    "SM_ST_StillFacingIssue": "Rencontrez-vous encore un problème ?",
    "SM_ST_StoreHealth": "Santé du magasin",
    "SM_ST_StoreID": "Identifiant du magasin : 100",
    "SM_ST_StoreReports": "Rapports de magasin",
    "SM_ST_Transactions": "Transactions",
    "SM_ST_PaymentModes": "Modes de paiement",
    "SM_ST_Products": "Produits",
    "SM_ST_Inventry": "Inventaire",
    "SM_ST_Employees": "Employés",
    "SM_ST_Submit": "Soumettre",
    "SM_ST_Switches": "Interrupteurs",
    "SM_ST_SystemUpdates": "Mises à jour du système",
    "SM_ST_Updates": "Mises à jour",
    "SM_ST_ThankYouForSharing": "Merci d'avoir partagé votre expérience.",
    "SM_ST_NoDataCollection": "Cette application ne collecte ni ne partage de données personnelles identifiables avec un tiers pour quelque raison que ce soit.",
    "SM_ST_DeviceOfflineFewDays": "Cet appareil est hors ligne depuis quelques jours. Veuillez l'allumer et le connecter au WiFi K-EVA. Nous pousserons les mises à jour automatiquement.",
    "SM_ST_Total": "Total",
    "SM_ST_TotalDevices": "Appareils totaux",
    "SM_ST_UnableToLoadData": "Impossible de charger les données. Veuillez réessayer.",
    "SM_ST_UnauthorizedAccess": "Accès non autorisé",
    "SM_ST_Unhealthy": "Malsain",
    "SM_ST_NotAuthorizedAccess": "Vous n'êtes pas autorisé à accéder à cette application.",
    "SM_ST_YouAreOnTrack": "Vous êtes sur la bonne voie ! Aucune action en attente pour le magasin.",
    "SM_ST_DeviceNotConnected": "Votre appareil n'est pas connecté à internet.",
    "SM_ST_LocationForNetwork": "L'emplacement de votre appareil est utilisé pour récupérer l'état du réseau. Activez les services de localisation dans les paramètres.",
    "SM_ST_EnsureWifiON": "Assurez-vous que le wifi est activé et connecté à 'K-EVA'.",
    "SM_ST_ConnectWifiManually": "Sinon, connectez-le manuellement en cliquant sur le wifi 'K-EVA'.",
    "SM_ST_IfProblemStillExists": "Si le problème persiste, redémarrez l'appareil.",
    "DB_FIX_TITLE_DEV_SWITCHED_OFF": "Appareil éteint",
    "DB_FIX_TITLE_NET_CONN_LOST": "Connexion réseau perdue",
    "DB_FIX_TITLE_CHARG_ISSUE": "Problème de charge",
    "DB_FIX_TITLE_DEV_STOLE_LOST": "Appareil volé ou perdu",
    "DB_FIX_TITLE_DEV_DAM_BROKEN": "Appareil endommagé ou cassé",
    "DB_FIX_TITLE_DEV_NO_POWER": "L'appareil ne s'allume pas",
    "DB_FIX_DESC_DEV_SWITCHED_OFF": "Si l'appareil ne s'allume pas, connectez-le au iPort Multi Dock pour iPhone ou à la iPort Base Station/Pillar et vérifiez si l'appareil se charge et s'allume.\n\na. Si l'iPhone ne se charge pas avec les iPorts, retirez le adaptateur iPort du boîtier et connectez-le au chargeur mural Apple.\nb. Si l'iPad ne se charge pas, retirez-le du boîtier iPort et connectez-le au chargeur mural Apple.\n\nSi l'appareil ne se charge toujours pas, soumettez un ticket pour un RMA (remplacement) de l'appareil.",
    "DB_FIX_DESC_NET_CONN_LOST": "Au cas où il y aurait un problème de connexion à votre Wi-Fi sur votre iPhone ou iPad.\n\n1. Assurez-vous que votre routeur est allumé.\n2. Vérifiez que l'appareil est dans la plage.\n3. Assurez-vous que le Wi-Fi est activé et que vous voyez votre réseau.\n4. Redémarrez l'appareil.\n\nRemarque : Si les étapes ci-dessus sont suivies par vous, appuyez sur 'Résolu' et le système mettra à jour le statut du problème après une vérification réussie du système après un certain temps. Si vous rencontrez toujours le problème, appuyez sur 'Soulever un problème' pour informer notre équipe de support.",
    "DB_FIX_DESC_CHARG_ISSUE": "Si l'appareil ne s'allume pas, connectez-le à l'iPort Multi Dock pour iPhone ou à la Station de Base/Pilier iPort et vérifiez si l'appareil se charge et s'allume.\n\na. Si l'iPhone ne se charge pas avec les iPorts, retirez le connecteur de l'iPort du boîtier et connectez-le au chargeur mural Apple.\nb. Si l'iPad ne se charge pas, retirez-le du boîtier iPort et connectez-le au chargeur mural Apple.\n\nSi l'appareil ne se charge toujours pas, soumettez un ticket pour un RMA (remplacement) de l'appareil.",
    "DB_FIX_DESC_DEV_STOLE_LOST": "Si l'appareil est manquant dans le magasin, soumettez un ticket pour appareil perdu/volé en appuyant sur le bouton \"Signaler un problème\".",
    "DB_FIX_DESC_DEV_DAM_BROKEN": "Si l'appareil est cassé ou endommagé, soumettez un ticket pour appareil perdu/volé en appuyant sur le bouton \"Signaler un problème\".",
    "DB_FIX_DESC_DEV_NO_POWER": "Si l'appareil ne s'allume pas, connectez-le à l'iPort Multi Dock pour iPhone ou à la Station de Base/Pilier iPort et vérifiez si l'appareil se charge et s'allume.\n\na. Si l'iPhone ne se charge pas avec les iPorts, retirez la fiche d'adaptateur iPort du boîtier et connectez-la au chargeur mural Apple.\nb. Si l'iPad ne se charge pas, retirez-le du boîtier iPort et connectez-le au chargeur mural Apple.\n\nSi l'appareil ne se charge toujours pas, soumettez un ticket pour le RMA (remplacement) de l'appareil.",
    "DM_DS_OFFLINE_REASON": "1. Allez dans les paramètres.\n2. Assurez-vous que le wifi est activé et connecté à \"K-EVA\".\n3. Si le problème n'est pas résolu, connectez-vous manuellement en cliquant sur le Wi-Fi \"K-EVA\".\n4. Si le problème persiste, redémarrez l'appareil.",
    "DM_DS_BATTERY_REASON": "1. Assurez-vous que l'appareil est connecté au point de charge.\n2. Vérifiez l'icône de la batterie avec une icône de charge pour vous assurer que l'appareil se charge.",
    "DM_DS_APP_REASON": "1. Vérifiez que l'appareil est connecté au Wi-Fi.\n2. Ouvrez « Self Service » sur votre appareil.\n3. Parcourez ou recherchez la bibliothèque de Self Service pour localiser l'application.\n4. Sélectionnez l'application et appuyez sur le bouton \"Installer\" pour la télécharger et l'installer sur votre appareil.\n5. Vous verrez une coche une fois que l'application est installée sur l'appareil.",
    "DM_DS_OS_REASON": "Avant de fermer le magasin pour la journée :\n1. Confirmez que l'appareil est connecté au dock d'alimentation.\n2. Confirmez que l'icône de charge dans le coin supérieur droit est active.\nAssurez-vous que l'appareil est connecté au réseau :\n1. Allez dans Paramètres.\n2. Assurez-vous que le wifi est activé et connecté à \"K-EVA\".\n3. Si le problème n'est pas résolu, connectez-le manuellement en cliquant sur le Wi-Fi \"K-EVA\".\n4. Si le problème persiste, redémarrez l'appareil.",
    "DM_DS_CERTICATES_REASON": "1. Allez dans Paramètres.\n2. Assurez-vous que le wifi est activé et connecté à \"K-EVA\".\n3. Si le problème persiste, connectez-vous manuellement en cliquant sur le Wi-Fi \"K-EVA\".\n4. Si le problème persiste, redémarrez l'appareil.",
    "DM_DS_OFFLINE_REASON_TITLE": "Statut hors ligne",
    "DM_DS_BATTERY_REASON_TITLE": "Batterie",
    "DM_DS_APP_REASON_TITLE": "Applications",
    "DM_DS_OS_REASON_TITLE": "Système d'exploitation",
    "DM_DS_CERTICATES_REASON_TITLE": "Certificats"
}