{
    "DM_SN_kiko_store_network": "Rete",
    "DM_SN_kiko_store_sd_extra_activities": "Attività extra SD",
    "DM_SN_kiko_store_hardware": "Hardware",
    "DM_SN_kiko_store_negoziando": "Negotiating",
    "DM_SN_hardware": "Hardware",
    "DM_SN_kiko_store_ls_retail": "LS Retail",
    "DM_SN_network": "Rete",
    "DM_SN_iPhone": "iPhone",
    "DM_SN_kiko_store_eva_uc": "EVA UC",
    "DM_SN_adyen": "Adyen",
    "DM_SN_kiko_store_software": "Software",
    "DM_SN_ipad": "iPad",
    "DM_SN_kiko_store_monitoring": "Monitoraggio",
    "DM_SN_printer": "Stampante",
    "DM_SN_inquiry": "Richiesta / Aiuto",
    "DM_SN_kiko_store_audio_video": "Audio/Video",
    "DM_SN_database": "Database",
    "DM_SN_eva": "EVA",
    "DM_SN_clientela": "Clientela",
    "DM_SN_software": "Software",
    "DB_SN_iPad_Can’t_Connect": "Non posso connettere",
    "DB_SN_iPad_Stolen_or_Lost": "Rubato o perso",
    "DB_SN_iPad_Charging": "Ricarica",
    "DB_SN_iPad_Broken_Screen": "Schermo rotto",
    "DB_SN_iPad_Other": "Altro",
    "DB_SN_Adyen_Other": "Altro",
    "DB_SN_Adyen_Can’t_Connect": "Non posso connettermi",
    "DB_SN_Adyen_Payment_Issue": "Problema di pagamento",
    "DB_SN_Adyen_Lost_Device": "Dispositivo smarrito",
    "DB_SN_Printer_Won’t_Print": "Non stampare",
    "DB_SN_Printer_Won’t_Turn_ON": "Non si accende",
    "DB_SN_Printer_Other": "Altro",
    "DB_SN_EVA_Financial_Closure": "Chiusura finanziaria",
    "DB_SN_EVA_Login": "Accesso",
    "DB_SN_EVA_Promotions": "Promozioni",
    "DB_SN_EVA_Gift_Cards": "Carte regalo",
    "DB_SN_EVA_Princing": "Princing -> Prezzatura",
    "DB_SN_Clientela_Login": "Accesso",
    "DB_SN_Clientela_Customer_Data": "Dati del cliente",
    "DB_SN_iPhone_Can’t_Connect": "Non posso connettermi",
    "DB_SN_iPhone_Stolen_or_Lost": "Rubato o smarrito",
    "DB_SN_iPhone_Charging": "Ricarica",
    "DB_SN_iPhone_Broken_Screen": "Schermo rotto",
    "DB_SN_iPhone_Other": "Altro",
    "DM_SN_kiko_store_network_wifi_access_point": "Punto di accesso WiFi",
    "DM_SN_kiko_store_network_router": "Router",
    "DM_SN_kiko_store_network_dati_fisso_bloccante": "Data - Fisso - Bloccante",
    "DM_SN_kiko_store_network_dati_fisso_nonbloccante": "Data - Fixed - Non Blocking Anomaly",
    "DM_SN_kiko_store_network_firewall": "Firewall",
    "DM_SN_kiko_store_network_switch": "Interruttore",
    "DM_SN_kiko_store_sd_extra_activities_sd_callback_support_activity": "ATTIVITÀ DI SUPPORTO PER CHIAMATE DI RICHIAMO",
    "DM_SN_kiko_store_hardware_drawer": "Cassetto",
    "DM_SN_kiko_store_hardware_ipad": "Ipad",
    "DM_SN_kiko_store_hardware_ipad_base_station": "Stazione di base per iPad",
    "DM_SN_kiko_store_hardware_iphone": "iPhone",
    "DM_SN_kiko_store_hardware_charging_station": "Stazione di ricarica",
    "DM_SN_kiko_store_hardware_credit_card_terminals": "Terminali per carte di credito",
    "DM_SN_kiko_store_hardware_backoffice_pc_monitor": "Monitor del PC Backoffice",
    "DM_SN_kiko_store_hardware_other": "Altro",
    "DM_SN_kiko_store_hardware_landline_mobile_phone": "Telefono fissoTelefono cellulare",
    "DM_SN_kiko_store_hardware_printer_bo": "Stampante BO",
    "DM_SN_kiko_store_hardware_pc_backoffice": "Ufficio di supporto informatico",
    "DM_SN_kiko_store_hardware_barcode_reader": "Lettore di codici a barre",
    "DM_SN_kiko_store_hardware_people_counter": "Contatore di persone",
    "DM_SN_kiko_store_hardware_ticket_printer": "Stampante per biglietti",
    "DM_SN_kiko_store_hardware_toshiba_hp_till": "ToshibaHP Cassa",
    "DM_SN_kiko_store_hardware_ups": "UPS",
    "DM_SN_kiko_store_negoziando_cash_desk_managent": "Gestione della cassa",
    "DM_SN_kiko_store_negoziando_credential": "Credenziale",
    "DM_SN_kiko_store_negoziando_loyalty": "Lealtà",
    "DM_SN_kiko_store_negoziando_item_price": "Prezzo dell'articolo",
    "DM_SN_kiko_store_negoziando_invoice_credit_note": "Fattura/Nota di credito",
    "DM_SN_kiko_store_negoziando_giftcard": "Buono regalo",
    "DM_SN_kiko_store_negoziando_closure": "Chiusura",
    "DM_SN_kiko_store_negoziando_inventory": "Inventario",
    "DM_SN_kiko_store_negoziando_banking_money": "Denaro bancario",
    "DM_SN_kiko_store_negoziando_till_access": "Fino all'accesso",
    "DM_SN_kiko_store_negoziando_vouchers": "Buoni",
    "DM_SN_kiko_store_negoziando_returns": "Resi",
    "DM_SN_kiko_store_negoziando_stock_receiving": "Magazzino/Ricezione",
    "DM_SN_kiko_store_negoziando_promo": "Promo",
    "DM_SN_kiko_store_negoziando_report": "Rapporto",
    "DM_SN_kiko_store_ls_retail_invoice_credit_note": "Fattura/Nota di credito",
    "DM_SN_kiko_store_ls_retail_returns": "Resi",
    "DM_SN_kiko_store_ls_retail_cash_desk": "Gestione della cassa",
    "DM_SN_kiko_store_ls_retail_item_price": "Prezzo dell'articolo",
    "DM_SN_kiko_store_ls_retail_credential": "Credenziali",
    "DM_SN_kiko_store_ls_retail_loyalty": "Fedeltà",
    "DM_SN_kiko_store_ls_retail_giftcard": "Buono regalo",
    "DM_SN_kiko_store_ls_retail_promo": "Promozione",
    "DM_SN_kiko_store_ls_retail_vouchers": "Buoni",
    "DM_SN_kiko_store_ls_retail_safe_transfer": "Trasferimento sicuro",
    "DM_SN_kiko_store_ls_retail_statement": "Dichiarazione",
    "DM_SN_kiko_store_ls_retail_stock_management": "Gestione delle scorte",
    "DM_SN_kiko_store_eva_uc_vouchers": "Buoni",
    "DM_SN_kiko_store_eva_uc_stock_and_task_management": "Gestione di magazzino e compiti",
    "DM_SN_kiko_store_eva_uc_returns": "Resi",
    "DM_SN_kiko_store_eva_uc_customers_display_app": "App di visualizzazione clienti",
    "DM_SN_kiko_store_eva_uc_basket_transfer": "Trasferimento di basket",
    "DM_SN_kiko_store_eva_uc_loyalty": "Lealtà",
    "DM_SN_kiko_store_eva_uc_pos_sales_app": "APP di vendite POS",
    "DM_SN_kiko_store_eva_uc_giftcard": "Buono regalo",
    "DM_SN_kiko_store_eva_uc_power_bi": "PowerBI",
    "DM_SN_kiko_store_eva_uc_item_price_barcode": "Prezzo dell'articolo Codice a barre",
    "DM_SN_kiko_store_eva_uc_promo": "Promozione",
    "DM_SN_kiko_store_software_personal_corporate_credentials": "Credenziali personali aziendali",
    "DM_SN_kiko_store_software_open_office": "Ufficio aperto",
    "DM_SN_kiko_store_software_windows": "Finestre",
    "DM_SN_kiko_store_software_ilabels": "Etichette",
    "DM_SN_kiko_store_software_beKiko_login": "Accesso BeKiko",
    "DM_SN_kiko_store_software_other": "Altro",
    "DM_SN_kiko_store_software_outlook _webmail": "Outlook WebMail",
    "DM_SN_kiko_store_software_browser_navigation": "Browser/Navigazione",
    "DM_SN_kiko_store_monitoring_router_down": "Router giù",
    "DM_SN_kiko_store_monitoring_cpu_load": "Carico della CPU",
    "DM_SN_kiko_store_monitoring_till_ipad_iphone_offline": "Fino a quando l'iPad e l'iPhone sono offline",
    "DM_SN_kiko_store_monitoring_internet_access": "Accesso a Internet",
    "DM_SN_kiko_store_monitoring_server_down": "Server non disponibile",
    "DM_SN_kiko_store_monitoring_hard_disk_with_free": "Disco rigido con < 2% libero",
    "DM_SN_kiko_store_audio_video_audio_amplifier": "Amplificatore audio",
    "DM_SN_kiko_store_audio_video_video_splitter": "Divisore video",
    "DM_SN_kiko_store_audio_video_digital_windows": "Finestre digitali",
    "DM_SN_kiko_store_audio_video_other": "Altro",
    "DM_SN_kiko_store_audio_video_thin_client": "Client leggero",
    "DM_SN_kiko_store_software_Others": "Altro",
    "DB_DT_WATCHTOWER": "TORRE DI VIGILANZA",
    "DB_DT_IPAD": "IPAD",
    "DB_DT_IPHONE": "IPHONE",
    "DB_DT_PRINTER": "STAMPANTE",
    "DB_DT_PAYMENT": "PAGAMENTO",
    "SM_ACTION_OFFLINE_DESC": "Questo dispositivo è offline da %@ ore. Seleziona il problema corrispondente per i passaggi da seguire per risolverlo.",
    "SM_ACTION_APPS_OUTDATED_DESC": "Questo dispositivo ha applicazioni obsolete. La risoluzione suggerita è per le seguenti applicazioni:\n1. Cornerstone\n2. Workjam\n3. Jamf",
    "SM_ACTION_OS_OUTDATED_DESC": "Il sistema operativo di questo dispositivo è obsoleto da %@ ore. Seleziona il problema corrispondente per i passaggi da seguire per risolverlo.",
    "SM_ACTION_TITLE_OFFLINE": "Dispositivo offline",
    "SM_ACTION_TITLE_APP_OUTDATED": "Applicazione obsoleta",
    "SM_ACTION_TITLE_OS_OUTDATED": "Aggiornamento del sistema operativo",
    "DB_FIX_TITLE_OS_UPDATE_FAIL": "OS Obsoleto",
    "DB_FIX_DESC_OS_UPDATE_FAIL": "Assicurati prima di chiudere il negozio per la giornata:\n 1. Conferma che il dispositivo sia collegato al dock di alimentazione.\n 2. Conferma che l'icona di ricarica nell'angolo in alto a destra sia attiva.\n \n Assicurati che il dispositivo sia collegato alla rete seguendo i passaggi seguenti:\n 1. Vai su Impostazioni.\n 2. Assicurati che il WiFi sia ATTIVO e collegato a \"K-EVA\".\n 3. Se non lo è, collegati manualmente cliccando su \"K-EVA\" WiFi.\n \n 4. Se il problema persiste, riavvia il dispositivo.",
    "SM_ST_MyActionsGuides": "Le mie azioni ti guidano a prendere le azioni necessarie per risolvere i problemi relativi ai dispositivi del negozio.",
    "SM_ST_ServiceNowCreated": "%@ %@ ha creato un ticket di Service Now",
    "SM_ST_TookActions": "%@ %@ ha preso le azioni",
    "SM_ST_Copyright": "© 2024 Streamline, LLC\n\n© 2024 Streamline, LLC",
    "SM_ST_AccessPoints": "Punti di accesso",
    "SM_ST_ActionList": "Elenco delle azioni",
    "SM_ST_ActionSubmitted": "Azione inviata con successo.",
    "SM_ST_Address": "Indirizzo",
    "SM_ST_Alert": "Allarme",
    "SM_ST_All": "Tutto",
    "SM_ST_AllNotifications": "Tutte le notifiche sotto lo stesso tetto",
    "SM_ST_Approved": "Approvato",
    "SM_ST_APPROVED": "APPROVATO",
    "SM_ST_Apps": "Applicazioni",
    "SM_ST_AtRisk": "A rischio",
    "SM_ST_Certificates": "Certificati",
    "SM_ST_CheckCables": "Controlla i tuoi cavi e connessioni",
    "SM_ST_Configured": "Configurato",
    "SM_ST_Connectivity": "Connettività",
    "SM_ST_DashboardView": "Vista dashboard di tutti i dispositivi del tuo negozio insieme al conteggio dello stato di salute.",
    "SM_ST_DeviceDetails": "Dettagli del dispositivo",
    "SM_ST_DeviceOffline": "Dispositivo non in linea",
    "SM_ST_Disclaimer": "Disclaimer",
    "SM_ST_EasyAccess": "Facile accesso alla salute del dispositivo",
    "SM_ST_Error": "Errore",
    "SM_ST_ErrorSubmission": "Errore durante l'invio. Si prega di riprovare.",
    "SM_ST_ErrorSubmittingAction": "Errore durante l'invio dell'azione.",
    "SM_ST_Fix": "Riparare",
    "SM_ST_FixFailed": "Correzione fallita. Si prega di riprovare.",
    "SM_ST_FixInProcess": "La correzione è in corso. Ricontrolla dopo un po'.",
    "SM_ST_Fixes": "Riparazioni",
    "SM_ST_GoToSettings": "Vai su Impostazioni",
    "SM_ST_Health": "Salute",
    "SM_ST_iEnterprise": "iEnterprise",
    "SM_ST_INSTALLED": "INSTALLATO",
    "SM_ST_iOS": "iOS",
    "SM_ST_IOT": "IOT",
    "SM_ST_iPhones": "iPhone",
    "SM_ST_iPads": "iPad",
    "SM_ST_IssueLoadingData": "Problema nel caricamento dei dati",
    "SM_ST_Issues": "Questioni",
    "SM_ST_KeepDevicesUpdated": "Mantieni aggiornati i tuoi dispositivi.",
    "SM_ST_LastConnected": "Ultimo collegato",
    "SM_ST_LetUsKnowMore": "Fateci sapere di più",
    "SM_ST_LocationPermissionDenied": "Permesso di posizione negato",
    "SM_ST_CheckWifiOn": "Assicurati che il tuo Wi-fi sia acceso e che tu possa vedere la tua rete.",
    "SM_ST_CheckRouterOn": "Assicurati che il tuo router sia acceso e tu sia nel raggio d'azione.",
    "SM_ST_MobileDevices": "Dispositivi mobili",
    "SM_ST_Model": "Modello",
    "SM_ST_MyActions": "Le mie azioni",
    "SM_ST_NeverMissAnnouncement": "Non perdere mai nessun annuncio per operazioni efficienti e senza intoppi con gli \"Aggiornamenti di sistema\".",
    "SM_ST_NewIssue": "Nuovo problema",
    "SM_ST_NoActionsPending": "Nessuna azione in sospeso",
    "SM_ST_NoDevices": "Nessun dispositivo",
    "SM_ST_NoDevicesAvailable": "Nessun dispositivo disponibile per questa selezione.",
    "SM_ST_NoDevicesLower": "nessun dispositivo",
    "SM_ST_NoUpdates": "Nessun aggiornamento.",
    "SM_ST_NotConfigured": "Non configurato",
    "SM_ST_Notification": "Notifica",
    "SM_ST_Notifications": "Notifiche",
    "SM_ST_Ok": "ok",
    "SM_ST_OK": "OK",
    "SM_ST_Other": "Altro",
    "SM_ST_OtherDevices": "Altri dispositivi",
    "SM_ST_Others": "Altri",
    "SM_ST_Payment": "Pagamento",
    "SM_ST_PaymentDevices": "Dispositivi di pagamento",
    "SM_ST_CheckInternet": "Si prega di controllare la connessione internet. Collegare il dispositivo a internet.",
    "SM_ST_PleaseRetry": "Per favore riprova.",
    "SM_ST_PoweredBy": "alimentato da",
    "SM_ST_PoweredByIEnterprise": "alimentato da iEnterprise",
    "SM_ST_Printer": "Stampante",
    "SM_ST_Printers": "Stampanti",
    "SM_ST_PrivacyPolicy": "Informativa sulla privacy",
    "SM_ST_ProceedToApp": "Procedi all'app",
    "SM_ST_Profile": "Profilo",
    "SM_ST_PullToRefresh": "Trascina verso il basso per aggiornare",
    "SM_ST_RaiseConcern": "Solleva la tua preoccupazione e risolveremo",
    "SM_ST_RaiseTrackResolve": "Solleva, traccia e risolvi tutte le tue richieste relative ai dispositivi sotto lo stesso tetto",
    "SM_ST_RateExperience": "Valuta la tua esperienza.",
    "SM_ST_ReportIssue": "Segnala problema",
    "SM_ST_Report": "Rapporto",
    "SM_ST_Request": "Richiesta",
    "SM_ST_ResolveActionSubmitted": "Azione risolta inviata con successo.",
    "SM_ST_Resolved": "Risolto",
    "SM_ST_RestartDevice": "Riavvia il tuo dispositivo",
    "SM_ST_Retry": "Riprova",
    "SM_ST_SelectIssueForSteps": "Seleziona il problema rispettivo per i passaggi per risolverlo",
    "SM_ST_SerialNumberEmpty": "Il numero di serie è vuoto",
    "SM_ST_SignIn": "Accedi",
    "SM_ST_SignOut": "Disconnettersi",
    "SM_ST_Login": "Accesso",
    "SM_ST_Logout": "Disconnessione",
    "SM_ST_StillFacingIssue": "Ancora di fronte a problemi?",
    "SM_ST_StoreHealth": "Salute del negozio",
    "SM_ST_StoreID": "Negozio ID: 100",
    "SM_ST_StoreReports": "Rapporti del negozio",
    "SM_ST_Transactions": "Transazioni",
    "SM_ST_PaymentModes": "Modalità di pagamento",
    "SM_ST_Products": "Prodotti",
    "SM_ST_Inventry": "Inventario",
    "SM_ST_Employees": "Dipendenti",
    "SM_ST_Submit": "Inviare",
    "SM_ST_Switches": "Interruttori",
    "SM_ST_SystemUpdates": "Aggiornamenti di sistema",
    "SM_ST_Updates": "Aggiornamenti",
    "SM_ST_ThankYouForSharing": "Grazie per aver condiviso la tua esperienza.",
    "SM_ST_NoDataCollection": "Questa app non raccoglie o condivide dati personali identificabili con terzi per nessun motivo.",
    "SM_ST_DeviceOfflineFewDays": "Questo dispositivo è offline da alcuni giorni. Si prega di accenderlo e collegarlo al WiFi K-EVA. Aggiorneremo automaticamente.",
    "SM_ST_Total": "Totale",
    "SM_ST_TotalDevices": "Dispositivi totali",
    "SM_ST_UnableToLoadData": "Impossibile caricare i dati. Si prega di riprovare.",
    "SM_ST_UnauthorizedAccess": "Accesso non autorizzato",
    "SM_ST_Unhealthy": "Non salutare",
    "SM_ST_NotAuthorizedAccess": "Non sei autorizzato ad accedere a questa applicazione.",
    "SM_ST_YouAreOnTrack": "Sei sulla buona strada! Nessuna azione in sospeso per il negozio.",
    "SM_ST_DeviceNotConnected": "Il tuo dispositivo non è connesso a Internet.",
    "SM_ST_LocationForNetwork": "La posizione del tuo dispositivo viene utilizzata per recuperare lo stato di salute della rete. Abilita i servizi di localizzazione dalle Impostazioni.",
    "SM_ST_EnsureWifiON": "Assicurati che il wifi sia ACCESO e connesso a 'K-EVA'.",
    "SM_ST_ConnectWifiManually": "Se non, connettilo manualmente cliccando su wifi 'K-EVA'.",
    "SM_ST_IfProblemStillExists": "Se il problema persiste, riavviare il dispositivo.",
    "DB_FIX_TITLE_DEV_SWITCHED_OFF": "Dispositivo spento",
    "DB_FIX_TITLE_NET_CONN_LOST": "Connessione di rete persa",
    "DB_FIX_TITLE_CHARG_ISSUE": "Problema di ricarica",
    "DB_FIX_TITLE_DEV_STOLE_LOST": "Dispositivo rubato o perso",
    "DB_FIX_TITLE_DEV_DAM_BROKEN": "Dispositivo danneggiato o rotto",
    "DB_FIX_TITLE_DEV_NO_POWER": "Dispositivo non si accende",
    "DB_FIX_DESC_DEV_SWITCHED_OFF": "Se il dispositivo non si accende, collegarlo a iPort Multi Dock per iPhone o a iPort Base Station/Pillar e verificare se il dispositivo si carica e si accende.\n\na. Se l'iPhone non si carica utilizzando iPort, rimuovere la spina adattatore iPort dalla custodia e collegarla al caricabatterie da parete Apple.\nb. Se l'iPad non si carica, rimuoverlo dalla custodia iPort e collegarlo al caricabatterie da parete Apple.\n\nSe il dispositivo continua a non caricarsi, inviare un ticket per la RMA (sostituzione) del dispositivo.",
    "DB_FIX_DESC_NET_CONN_LOST": "Nel caso ci sia un problema di connessione al Wi-Fi sul tuo iPhone o iPad.\n\n1. Assicurati che il tuo router sia acceso.\n2. Accertati che il dispositivo sia nel raggio d'azione.\n3. Assicurati che il Wi-Fi sia acceso e che tu possa vedere la tua rete.\n4. Riavvia il dispositivo.\n\nNota: Se segui i passaggi sopra indicati, tocca \"Risolto\" e il sistema aggiornerà lo stato del problema dopo un controllo di sistema riuscito dopo un po 'di tempo. Se continui ad avere il problema, tocca \"Segnala problema\" per informare il nostro team di supporto.",
    "DB_FIX_DESC_CHARG_ISSUE": "Se il dispositivo non si accende, collegarlo a iPort Multi Dock per iPhone o a iPort Base Station/Pillar e controllare se il dispositivo si carica e si accende.\n\na. Se l'iPhone non si carica utilizzando iPort, togliere la spina dell'adattatore iPort dalla custodia e collegarla al caricabatterie da parete Apple.\nb. Se l'iPad non si carica, toglierlo dalla custodia iPort e collegarlo al caricabatterie da parete Apple.\n\nSe il dispositivo continua a non caricarsi, inviare un ticket per la sostituzione del dispositivo (RMA).",
    "DB_FIX_DESC_DEV_STOLE_LOST": "Se il dispositivo è assente dal negozio, invia un ticket per Dispositivo Smarrito/Rubato premendo sul pulsante \"Segnala Problema\".",
    "DB_FIX_DESC_DEV_DAM_BROKEN": "Se il dispositivo è rotto o danneggiato, invia un ticket per dispositivo smarrito/rubato premendo sul pulsante \"Segnala problema\".",
    "DB_FIX_DESC_DEV_NO_POWER": "Se il dispositivo non si accende, collegarlo a iPort Multi Dock per iPhone o iPort Base Station/Pillar e verificare se il dispositivo si carica e si accende.\n\na. Se l'iPhone non si carica utilizzando iPort, rimuovere la spina dell'adattatore iPort dalla custodia e collegarla al caricabatterie da parete Apple.\nb. Se l'iPad non si carica, rimuoverlo dalla custodia iPort e collegarlo al caricabatterie da parete Apple.\n\nSe il dispositivo non si carica ancora, inviare un ticket per la RMA (sostituzione) del dispositivo.",
    "DM_DS_OFFLINE_REASON": "1. Vai su Impostazioni.\n2. Assicurati che il wifi sia ACCESO e connesso a \"K-EVA\".\n3. Se il problema non si risolve, connettilo manualmente cliccando su \"K-EVA\" Wi-Fi.\n4. Se il problema persiste, riavvia il dispositivo.",
    "DM_DS_BATTERY_REASON": "1. Assicurarsi che il dispositivo sia collegato al punto di ricarica.\n2. Controllare l'icona della batteria con un'icona di carica per verificare che il dispositivo si stia ricaricando.",
    "DM_DS_APP_REASON": "1. Controlla che il dispositivo sia connesso a Wi-Fi.\n2. Apri 'Self Service' sul tuo dispositivo.\n3. Sfoglia o cerca nella Libreria di Self Service per individuare l'App.\n4. Seleziona l'App e tocca il pulsante \"Installa\" per scaricarlo e installarlo sul tuo dispositivo.\n5. Vedrai un segno di spunta quando l'app sarà installata sul dispositivo.",
    "DM_DS_OS_REASON": "Prima di chiudere il negozio per il giorno:\n1. Confermare che il dispositivo sia collegato alla base di alimentazione.\n2. Confermare che l'icona di ricarica nell'angolo in alto a destra sia attiva.\nAssicurarsi che il dispositivo sia collegato alla rete:\n1. Andare su Impostazioni.\n2. Assicurarsi che il wifi sia ATTIVO e collegato a \"K-EVA\".\n3. Se il problema non viene risolto, collegarlo manualmente cliccando su Wi-Fi \"K-EVA\".\n4. Se il problema persiste, riavviare il dispositivo.",
    "DM_DS_CERTICATES_REASON": "1. Vai su Impostazioni.\n2. Assicurati che il wifi sia ACCESO e connesso a \"K-EVA\".\n3. Se il problema non si risolve, connettilo manualmente cliccando su \"K-EVA\" Wi-Fi.\n4. Se il problema persiste, riavvia il dispositivo.",
    "DM_DS_OFFLINE_REASON_TITLE": "Stato offline",
    "DM_DS_BATTERY_REASON_TITLE": "Batteria",
    "DM_DS_APP_REASON_TITLE": "Applicazioni",
    "DM_DS_OS_REASON_TITLE": "Sistema operativo",
    "DM_DS_CERTICATES_REASON_TITLE": "Certificati"
}