{
    "DM_SN_kiko_store_network": "Netwerk",
    "DM_SN_kiko_store_sd_extra_activities": "SD Extra Activiteiten",
    "DM_SN_kiko_store_hardware": "Hardware",
    "DM_SN_kiko_store_negoziando": "Onderhandelen",
    "DM_SN_hardware": "Hardware",
    "DM_SN_kiko_store_ls_retail": "LS Retail",
    "DM_SN_network": "Netwerk",
    "DM_SN_iPhone": "iPhone",
    "DM_SN_kiko_store_eva_uc": "EVA UC",
    "DM_SN_adyen": "Adyen",
    "DM_SN_kiko_store_software": "Software",
    "DM_SN_ipad": "iPad",
    "DM_SN_kiko_store_monitoring": "Monitoring",
    "DM_SN_printer": "Printer",
    "DM_SN_inquiry": "Onderzoek / Hulp",
    "DM_SN_kiko_store_audio_video": "Audio/Video",
    "DM_SN_database": "Database",
    "DM_SN_eva": "EVA",
    "DM_SN_clientela": "Clientèle",
    "DM_SN_software": "Software",
    "DB_SN_iPad_Can’t_Connect": "Kan geen verbinding maken",
    "DB_SN_iPad_Stolen_or_Lost": "Gestolen of Verloren",
    "DB_SN_iPad_Charging": "Opladen",
    "DB_SN_iPad_Broken_Screen": "Gebroken scherm",
    "DB_SN_iPad_Other": "Andere",
    "DB_SN_Adyen_Other": "Andere",
    "DB_SN_Adyen_Can’t_Connect": "Kan geen verbinding maken",
    "DB_SN_Adyen_Payment_Issue": "Betalingsprobleem",
    "DB_SN_Adyen_Lost_Device": "Verloren apparaat",
    "DB_SN_Printer_Won’t_Print": "Print niet.",
    "DB_SN_Printer_Won’t_Turn_ON": "Gaat niet aan.",
    "DB_SN_Printer_Other": "Andere",
    "DB_SN_EVA_Financial_Closure": "Financiële afsluiting",
    "DB_SN_EVA_Login": "Inloggen",
    "DB_SN_EVA_Promotions": "Promoties",
    "DB_SN_EVA_Gift_Cards": "Cadeaubonnen",
    "DB_SN_EVA_Princing": "Princing -> Princing",
    "DB_SN_Clientela_Login": "Inloggen",
    "DB_SN_Clientela_Customer_Data": "Klantgegevens",
    "DB_SN_iPhone_Can’t_Connect": "Kan niet verbinden",
    "DB_SN_iPhone_Stolen_or_Lost": "Gestolen of verloren",
    "DB_SN_iPhone_Charging": "Opladen",
    "DB_SN_iPhone_Broken_Screen": "Gebroken scherm",
    "DB_SN_iPhone_Other": "Andere",
    "DM_SN_kiko_store_network_wifi_access_point": "WiFi-toegangspunt",
    "DM_SN_kiko_store_network_router": "Router",
    "DM_SN_kiko_store_network_dati_fisso_bloccante": "Gegevens - Vast - Blokkerend",
    "DM_SN_kiko_store_network_dati_fisso_nonbloccante": "Gegevens - Vast - Niet-blokkerend - Afwijking",
    "DM_SN_kiko_store_network_firewall": "Firewall",
    "DM_SN_kiko_store_network_switch": "Schakelaar",
    "DM_SN_kiko_store_sd_extra_activities_sd_callback_support_activity": "SD TERUGBELLEN ONDERSTEUNINGSACTIVITEIT",
    "DM_SN_kiko_store_hardware_drawer": "Lade",
    "DM_SN_kiko_store_hardware_ipad": "Ipad",
    "DM_SN_kiko_store_hardware_ipad_base_station": "Ipad Basisstation",
    "DM_SN_kiko_store_hardware_iphone": "iPhone",
    "DM_SN_kiko_store_hardware_charging_station": "Oplaadstation",
    "DM_SN_kiko_store_hardware_credit_card_terminals": "Creditcardterminals",
    "DM_SN_kiko_store_hardware_backoffice_pc_monitor": "Backoffice PC Monitor",
    "DM_SN_kiko_store_hardware_other": "Andere",
    "DM_SN_kiko_store_hardware_landline_mobile_phone": "Vaste telefoonMobiele telefoon",
    "DM_SN_kiko_store_hardware_printer_bo": "Printer BO",
    "DM_SN_kiko_store_hardware_pc_backoffice": "PC Backoffice",
    "DM_SN_kiko_store_hardware_barcode_reader": "Barcodelezer",
    "DM_SN_kiko_store_hardware_people_counter": "Mensen Teller",
    "DM_SN_kiko_store_hardware_ticket_printer": "Ticketprinter",
    "DM_SN_kiko_store_hardware_toshiba_hp_till": "ToshibaHP Kassa",
    "DM_SN_kiko_store_hardware_ups": "UPS",
    "DM_SN_kiko_store_negoziando_cash_desk_managent": "Kassa Beheer",
    "DM_SN_kiko_store_negoziando_credential": "Referenties",
    "DM_SN_kiko_store_negoziando_loyalty": "Loyaliteit",
    "DM_SN_kiko_store_negoziando_item_price": "Artikel Prijs",
    "DM_SN_kiko_store_negoziando_invoice_credit_note": "Factuur/Kredietnota",
    "DM_SN_kiko_store_negoziando_giftcard": "Cadeaubon",
    "DM_SN_kiko_store_negoziando_closure": "Afsluiting",
    "DM_SN_kiko_store_negoziando_inventory": "Inventaris",
    "DM_SN_kiko_store_negoziando_banking_money": "Bankieren Geld",
    "DM_SN_kiko_store_negoziando_till_access": "Tot toegang",
    "DM_SN_kiko_store_negoziando_vouchers": "Vouchers",
    "DM_SN_kiko_store_negoziando_returns": "Retourneren",
    "DM_SN_kiko_store_negoziando_stock_receiving": "Voorraad/Ontvangst",
    "DM_SN_kiko_store_negoziando_promo": "Promo",
    "DM_SN_kiko_store_negoziando_report": "Rapport",
    "DM_SN_kiko_store_ls_retail_invoice_credit_note": "Factuur/Kredietnota",
    "DM_SN_kiko_store_ls_retail_returns": "Retouren",
    "DM_SN_kiko_store_ls_retail_cash_desk": "Kassabeheer",
    "DM_SN_kiko_store_ls_retail_item_price": "Item prijs",
    "DM_SN_kiko_store_ls_retail_credential": "Referentie",
    "DM_SN_kiko_store_ls_retail_loyalty": "Loyaliteit",
    "DM_SN_kiko_store_ls_retail_giftcard": "Cadeaubon",
    "DM_SN_kiko_store_ls_retail_promo": "Promotie",
    "DM_SN_kiko_store_ls_retail_vouchers": "Vouchers",
    "DM_SN_kiko_store_ls_retail_safe_transfer": "Veilige overdracht",
    "DM_SN_kiko_store_ls_retail_statement": "Verklaring",
    "DM_SN_kiko_store_ls_retail_stock_management": "Voorraadbeheer",
    "DM_SN_kiko_store_eva_uc_vouchers": "Vouchers",
    "DM_SN_kiko_store_eva_uc_stock_and_task_management": "Voorraad- en Taakbeheer",
    "DM_SN_kiko_store_eva_uc_returns": "Retouren",
    "DM_SN_kiko_store_eva_uc_customers_display_app": "Klantenweergave APP",
    "DM_SN_kiko_store_eva_uc_basket_transfer": "Mand Overdracht",
    "DM_SN_kiko_store_eva_uc_loyalty": "Loyaliteit",
    "DM_SN_kiko_store_eva_uc_pos_sales_app": "Verkoop-APP voor POS",
    "DM_SN_kiko_store_eva_uc_giftcard": "Cadeaubon",
    "DM_SN_kiko_store_eva_uc_power_bi": "PowerBI",
    "DM_SN_kiko_store_eva_uc_item_price_barcode": "Item Prijs Streepjescode",
    "DM_SN_kiko_store_eva_uc_promo": "Promo",
    "DM_SN_kiko_store_software_personal_corporate_credentials": "Persoonlijke Bedrijfsreferenties",
    "DM_SN_kiko_store_software_open_office": "Open Kantoor",
    "DM_SN_kiko_store_software_windows": "Windows",
    "DM_SN_kiko_store_software_ilabels": "Ilabels",
    "DM_SN_kiko_store_software_beKiko_login": "BeKiko Login\n\nBeKiko Inloggen",
    "DM_SN_kiko_store_software_other": "Andere",
    "DM_SN_kiko_store_software_outlook _webmail": "Outlook WebMail",
    "DM_SN_kiko_store_software_browser_navigation": "Browser/Navigatie",
    "DM_SN_kiko_store_monitoring_router_down": "Router uitgeschakeld",
    "DM_SN_kiko_store_monitoring_cpu_load": "Cpu Belasting",
    "DM_SN_kiko_store_monitoring_till_ipad_iphone_offline": "TotIpadIphone offline",
    "DM_SN_kiko_store_monitoring_internet_access": "Toegang tot internet",
    "DM_SN_kiko_store_monitoring_server_down": "Server Offline",
    "DM_SN_kiko_store_monitoring_hard_disk_with_free": "Harde schijf met < 2% vrij",
    "DM_SN_kiko_store_audio_video_audio_amplifier": "Audio versterker",
    "DM_SN_kiko_store_audio_video_video_splitter": "Videodeler",
    "DM_SN_kiko_store_audio_video_digital_windows": "Digitale ramen",
    "DM_SN_kiko_store_audio_video_other": "Andere",
    "DM_SN_kiko_store_audio_video_thin_client": "Thin client",
    "DM_SN_kiko_store_software_Others": "Andere",
    "DB_DT_WATCHTOWER": "WACHTTOREN",
    "DB_DT_IPAD": "IPAD",
    "DB_DT_IPHONE": "iPHONE",
    "DB_DT_PRINTER": "PRINTER",
    "DB_DT_PAYMENT": "BETALING",
    "SM_ACTION_OFFLINE_DESC": "Dit apparaat is offline sinds %@ uur. Selecteer het bijbehorende probleem voor stappen om op te lossen.",
    "SM_ACTION_APPS_OUTDATED_DESC": "Dit apparaat heeft verouderde toepassing(en). De voorgestelde resolutie is voor de onderstaande toepassing(en).\n1. Cornerstone\n2. Workjam\n3. Jamf",
    "SM_ACTION_OS_OUTDATED_DESC": "Het besturingssysteem van dit apparaat is verouderd sinds %@ uur. Selecteer het desbetreffende probleem voor stappen om het op te lossen.",
    "SM_ACTION_TITLE_OFFLINE": "Offline Apparaat",
    "SM_ACTION_TITLE_APP_OUTDATED": "Applicatie verouderd",
    "SM_ACTION_TITLE_OS_OUTDATED": "OS Update -> Besturingssysteem update",
    "DB_FIX_TITLE_OS_UPDATE_FAIL": "OS verouderd",
    "DB_FIX_DESC_OS_UPDATE_FAIL": "Zorg ervoor dat voordat je de winkel sluit voor de dag:\n 1. Bevestig dat het apparaat is aangesloten op de stroomdock.\n 2. Bevestig dat het oplaadpictogram in de rechterbovenhoek actief is.\n \n Zorg ervoor dat het apparaat is verbonden met het netwerk door de onderstaande stappen te volgen:\n 1. Ga naar Instellingen.\n 2. Zorg ervoor dat de WiFi is INgeschakeld en verbonden met \"K-EVA\".\n 3. Zo niet, verbind het handmatig door op \"K-EVA\" WiFi te klikken.\n \n 4. Als het probleem nog steeds bestaat, herstart het apparaat.",
    "SM_ST_MyActionsGuides": "Mijn Actiesâ€ begeleidt u bij het nemen van de noodzakelijke acties om problemen met de winkelapparaten op te lossen.",
    "SM_ST_ServiceNowCreated": "%@ %@ heeft een Service Now-ticket aangemaakt.",
    "SM_ST_TookActions": "%@ %@ nam de acties.",
    "SM_ST_Copyright": "© 2024 Streamline, LLC\n\n© 2024 Streamline, LLC",
    "SM_ST_AccessPoints": "Toegangspunten",
    "SM_ST_ActionList": "Actielijst",
    "SM_ST_ActionSubmitted": "Actie succesvol ingediend",
    "SM_ST_Address": "Adres",
    "SM_ST_Alert": "Alert",
    "SM_ST_All": "Alles",
    "SM_ST_AllNotifications": "Alle meldingen onder één dak",
    "SM_ST_Approved": "Goedgekeurd",
    "SM_ST_APPROVED": "GOEDGEKEURD",
    "SM_ST_Apps": "Apps",
    "SM_ST_AtRisk": "Op risico",
    "SM_ST_Certificates": "Certificaten",
    "SM_ST_CheckCables": "Controleer uw kabels en verbindingen.",
    "SM_ST_Configured": "Geconfigureerd",
    "SM_ST_Connectivity": "Connectiviteit",
    "SM_ST_DashboardView": "Dashboardweergave van al uw winkelapparaten samen met het aantal gezonde statussen",
    "SM_ST_DeviceDetails": "Apparaatgegevens",
    "SM_ST_DeviceOffline": "Apparaat Offline",
    "SM_ST_Disclaimer": "Disclaimer",
    "SM_ST_EasyAccess": "Gemakkelijke toegang tot apparaatgezondheid",
    "SM_ST_Error": "Fout",
    "SM_ST_ErrorSubmission": "Fout bij het indienen. Probeer opnieuw.",
    "SM_ST_ErrorSubmittingAction": "Fout bij het indienen van de actie.",
    "SM_ST_Fix": "Repareren",
    "SM_ST_FixFailed": "Herstel mislukt. Probeer opnieuw.",
    "SM_ST_FixInProcess": "Fix is in proces. Controleer opnieuw na enige tijd.",
    "SM_ST_Fixes": "Oplossingen",
    "SM_ST_GoToSettings": "Ga naar Instellingen",
    "SM_ST_Health": "Gezondheid",
    "SM_ST_iEnterprise": "iOnderneming",
    "SM_ST_INSTALLED": "GEÏNSTALLEERD",
    "SM_ST_iOS": "iOS",
    "SM_ST_IOT": "IOT",
    "SM_ST_iPhones": "iPhones",
    "SM_ST_iPads": "iPads",
    "SM_ST_IssueLoadingData": "Probleem met het laden van gegevens",
    "SM_ST_Issues": "Problemen",
    "SM_ST_KeepDevicesUpdated": "Houd uw apparaten up-to-date.",
    "SM_ST_LastConnected": "Laatst verbonden",
    "SM_ST_LetUsKnowMore": "Laat het ons weten",
    "SM_ST_LocationPermissionDenied": "Locatietoestemming geweigerd",
    "SM_ST_CheckWifiOn": "Zorg ervoor dat je Wi-fi is ingeschakeld en dat je je netwerk kunt zien.",
    "SM_ST_CheckRouterOn": "Zorg ervoor dat je router is ingeschakeld en dat je binnen het bereik bent",
    "SM_ST_MobileDevices": "Mobiele apparaten",
    "SM_ST_Model": "Model",
    "SM_ST_MyActions": "Mijn Acties",
    "SM_ST_NeverMissAnnouncement": "Mis nooit een aankondiging voor soepele efficiënte operaties met \"Systeemupdates\"",
    "SM_ST_NewIssue": "Nieuwe uitgave",
    "SM_ST_NoActionsPending": "Geen lopende acties",
    "SM_ST_NoDevices": "Geen apparaten",
    "SM_ST_NoDevicesAvailable": "Geen apparaten beschikbaar voor deze selectie.",
    "SM_ST_NoDevicesLower": "geen apparaten",
    "SM_ST_NoUpdates": "Geen updates",
    "SM_ST_NotConfigured": "Niet geconfigureerd",
    "SM_ST_Notification": "Kennisgeving",
    "SM_ST_Notifications": "Meldingen",
    "SM_ST_Ok": "ok -> oké",
    "SM_ST_OK": "OK",
    "SM_ST_Other": "Andere",
    "SM_ST_OtherDevices": "Andere apparaten",
    "SM_ST_Others": "Anderen",
    "SM_ST_Payment": "Betaling",
    "SM_ST_PaymentDevices": "Betalingsapparaten",
    "SM_ST_CheckInternet": "Controleer alstublieft uw internetverbinding. Verbind het apparaat met het internet.",
    "SM_ST_PleaseRetry": "Probeer het opnieuw.",
    "SM_ST_PoweredBy": "aangedreven door",
    "SM_ST_PoweredByIEnterprise": "aangedreven door iEnterprise",
    "SM_ST_Printer": "Printer",
    "SM_ST_Printers": "Printers",
    "SM_ST_PrivacyPolicy": "Privacybeleid",
    "SM_ST_ProceedToApp": "Ga naar de app",
    "SM_ST_Profile": "Profiel",
    "SM_ST_PullToRefresh": "Trek naar beneden om te vernieuwen",
    "SM_ST_RaiseConcern": "Maak je zorgen kenbaar en wij zullen het oplossen.",
    "SM_ST_RaiseTrackResolve": "Verhoog, volg en los al uw vragen met betrekking tot de apparaten onder één dak op.",
    "SM_ST_RateExperience": "Beoordeel uw ervaring",
    "SM_ST_ReportIssue": "Rapporteer probleem",
    "SM_ST_Report": "Rapport",
    "SM_ST_Request": "Verzoek",
    "SM_ST_ResolveActionSubmitted": "Actie succesvol ingediend opgelost",
    "SM_ST_Resolved": "Opgelost",
    "SM_ST_RestartDevice": "Herstart uw apparaat.",
    "SM_ST_Retry": "Opnieuw proberen",
    "SM_ST_SelectIssueForSteps": "Selecteer het betreffende probleem voor stappen om op te lossen",
    "SM_ST_SerialNumberEmpty": "Serienummer is leeg",
    "SM_ST_SignIn": "Aanmelden",
    "SM_ST_SignOut": "Afmelden",
    "SM_ST_Login": "Inloggen",
    "SM_ST_Logout": "Uitloggen",
    "SM_ST_StillFacingIssue": "Nog steeds problemen?",
    "SM_ST_StoreHealth": "Winkelgezondheid",
    "SM_ST_StoreID": "Winkel-ID: 100",
    "SM_ST_StoreReports": "Winkelrapporten",
    "SM_ST_Transactions": "Transacties",
    "SM_ST_PaymentModes": "Betaalmethoden",
    "SM_ST_Products": "Producten",
    "SM_ST_Inventry": "Inventaris",
    "SM_ST_Employees": "Werknemers",
    "SM_ST_Submit": "Indienen",
    "SM_ST_Switches": "Schakelaars",
    "SM_ST_SystemUpdates": "Systeemupdates",
    "SM_ST_Updates": "Updates",
    "SM_ST_ThankYouForSharing": "Dank je voor het delen van je ervaring.",
    "SM_ST_NoDataCollection": "Deze app verzamelt of deelt geen persoonlijk identificeerbare gegevens met derden om welke reden dan ook.",
    "SM_ST_DeviceOfflineFewDays": "Dit apparaat is de afgelopen dagen offline geweest. Zet het alsjeblieft aan en verbind met K-EVA WiFi. We zullen de updates automatisch pushen.",
    "SM_ST_Total": "Totaal",
    "SM_ST_TotalDevices": "Totale apparaten",
    "SM_ST_UnableToLoadData": "Kan gegevens niet laden. Probeer opnieuw.",
    "SM_ST_UnauthorizedAccess": "Ongeautoriseerde toegang",
    "SM_ST_Unhealthy": "Ongezond",
    "SM_ST_NotAuthorizedAccess": "U bent niet gemachtigd om toegang te krijgen tot deze applicatie.",
    "SM_ST_YouAreOnTrack": "Je bent op schema! Geen openstaande acties voor de winkel.",
    "SM_ST_DeviceNotConnected": "Uw apparaat is niet verbonden met internet.",
    "SM_ST_LocationForNetwork": "Uw apparaatlocatie wordt gebruikt om de netwerkstatus op te halen. Schakel de locatieservices in via Instellingen.",
    "SM_ST_EnsureWifiON": "Zorg ervoor dat de wifi AAN staat en verbonden is met 'K-EVA'.",
    "SM_ST_ConnectWifiManually": "Zo niet, verbind het dan handmatig door op 'K-EVA' wifi te klikken.",
    "SM_ST_IfProblemStillExists": "Als het probleem nog steeds bestaat, start het apparaat opnieuw op.",
    "DB_FIX_TITLE_DEV_SWITCHED_OFF": "Apparaat uitgeschakeld",
    "DB_FIX_TITLE_NET_CONN_LOST": "Netwerkverbinding verloren",
    "DB_FIX_TITLE_CHARG_ISSUE": "Oplaadprobleem",
    "DB_FIX_TITLE_DEV_STOLE_LOST": "Apparaat gestolen of verloren",
    "DB_FIX_TITLE_DEV_DAM_BROKEN": "Apparaat beschadigd of kapot",
    "DB_FIX_TITLE_DEV_NO_POWER": "Apparaat gaat niet aan.",
    "DB_FIX_DESC_DEV_SWITCHED_OFF": "Als het apparaat niet inschakelt, sluit het dan aan op de iPort Multi Dock voor iPhones of iPort Base Station/Pillar en controleer of het apparaat oplaadt en inschakelt.\n\na. Als de iPhone niet oplaadt met de iPorts, verwijder dan de iPort-adapterstekker uit de hoes en sluit deze aan op de Apple-wandlader.\nb. Als de iPad niet oplaadt, verwijder deze dan uit de iPort-hoes en sluit deze aan op de Apple-wandlader.\n\nAls het apparaat nog steeds niet oplaadt, dien dan een ticket in voor RMA (vervanging) van het apparaat.",
    "DB_FIX_DESC_NET_CONN_LOST": "In het geval van een probleem met het verbinden met uw Wi-Fi op uw iPhone of iPad.\n\n1. Zorg ervoor dat uw router is ingeschakeld.\n2. Zorg ervoor dat het apparaat binnen bereik is.\n3. Zorg ervoor dat Wi-Fi is ingeschakeld en dat u uw netwerk kunt zien.\n4. Start het apparaat opnieuw op.\n\nOpmerking: Als de bovenstaande stappen door u zijn gevolgd, tikt u op 'Opgelost' en zal het systeem de status van het probleem bijwerken na een succesvol systeemonderzoek na enige tijd. Als u nog steeds het probleem ondervindt, tikt u op 'Probleem melden' om ons ondersteuningsteam op de hoogte te stellen.",
    "DB_FIX_DESC_CHARG_ISSUE": "Als het apparaat niet inschakelt, sluit het dan aan op de iPort Multi Dock voor iPhones of iPort Base Station/Pillar en controleer of het apparaat oplaadt en inschakelt.\n\na. Als de iPhone niet oplaadt met iPorts, verwijder dan de iPort-adapterstekker uit de hoes en sluit deze aan op de Apple-wandlader.\nb. Als de iPad niet oplaadt, verwijder deze dan uit de iPort-hoes en sluit deze aan op de Apple-wandlader.\n\nAls het apparaat nog steeds niet oplaadt, dien dan een ticket in voor RMA (vervanging) van het apparaat.",
    "DB_FIX_DESC_DEV_STOLE_LOST": "Als het apparaat ontbreekt in de winkel, dien dan een ticket in voor een verloren/gestolen apparaat door op de knop \"Probleem melden\" te tikken.",
    "DB_FIX_DESC_DEV_DAM_BROKEN": "Als het apparaat kapot of beschadigd is, dien dan een ticket in voor een verloren/gestolen apparaat door op de knop \"Probleem melden\" te tikken.",
    "DB_FIX_DESC_DEV_NO_POWER": "Als het apparaat niet inschakelt, sluit het dan aan op de iPort Multi Dock voor iPhones of iPort Base Station/Pillar en controleer of het apparaat oplaadt en inschakelt.\n\na. Als de iPhone niet oplaadt met iPorts, verwijder dan de iPort-adapterstekker uit de behuizing en sluit deze aan op de Apple-wandlader.\nb. Als de iPad niet oplaadt, verwijder deze dan uit de iPort-behuizing en sluit hem aan op de Apple-wandlader.\n\nAls het apparaat nog steeds niet oplaadt, dien dan een ticket in voor RMA (vervanging) van het apparaat.",
    "DM_DS_OFFLINE_REASON": "1. Ga naar Instellingen.\n2. Zorg ervoor dat de wifi AAN staat en verbonden is met \"K-EVA\".\n3. Als het probleem niet is opgelost, verbind het dan handmatig door te klikken op \"K-EVA\" Wi-Fi.\n4. Als het probleem nog steeds bestaat, herstart het apparaat.",
    "DM_DS_BATTERY_REASON": "1. Zorg ervoor dat het apparaat is aangesloten op het laadpunt.\n2. Controleer het batterijpictogram met een laadpictogram om er zeker van te zijn dat het apparaat aan het opladen is.",
    "DM_DS_APP_REASON": "1. Controleer of het apparaat is verbonden met Wi-Fi.\n2. Open 'Self Service' op uw apparaat.\n3. Blader door of zoek in de Self Service-bibliotheek om de app te vinden.\n4. Selecteer de app en tik op de knop \"Installeren\" om deze te downloaden en te installeren op uw apparaat.\n5. U ziet een vinkje wanneer de app is geïnstalleerd op het apparaat.",
    "DM_DS_OS_REASON": "Voor het sluiten van de winkel voor de dag:\n1. Bevestig dat het apparaat is aangesloten op het oplaaddock.\n2. Bevestig dat het oplaadpictogram in de rechterbovenhoek actief is.\nZorg ervoor dat het apparaat is verbonden met het netwerk:\n1. Ga naar Instellingen.\n2. Zorg ervoor dat wifi AAN staat en verbonden is met \"K-EVA\".\n3. Als het probleem niet is opgelost, verbind het dan handmatig door op \"K-EVA\" Wi-Fi te klikken.\n4. Als het probleem nog steeds bestaat, herstart het apparaat.",
    "DM_DS_CERTICATES_REASON": "1. Ga naar Instellingen.\n2. Zorg ervoor dat de wifi AAN staat en verbonden is met \"K-EVA\".\n3. Als het probleem niet is opgelost, verbind het dan handmatig door te klikken op \"K-EVA\" Wi-Fi.\n4. Als het probleem nog steeds bestaat, herstart het apparaat.",
    "DM_DS_OFFLINE_REASON_TITLE": "Offline status",
    "DM_DS_BATTERY_REASON_TITLE": "Batterij",
    "DM_DS_APP_REASON_TITLE": "Apps",
    "DM_DS_OS_REASON_TITLE": "Besturingssysteem",
    "DM_DS_CERTICATES_REASON_TITLE": "Certificaten"
}