{
    "DM_SN_kiko_store_network": "Rede",
    "DM_SN_kiko_store_sd_extra_activities": "Atividades Extra Curriculares",
    "DM_SN_kiko_store_hardware": "Hardware",
    "DM_SN_kiko_store_negoziando": "Negociando",
    "DM_SN_hardware": "Hardware",
    "DM_SN_kiko_store_ls_retail": "LS Retail",
    "DM_SN_network": "Rede",
    "DM_SN_iPhone": "iPhone",
    "DM_SN_kiko_store_eva_uc": "EVA UC",
    "DM_SN_adyen": "Adyen",
    "DM_SN_kiko_store_software": "Software",
    "DM_SN_ipad": "iPad",
    "DM_SN_kiko_store_monitoring": "Monitoramento",
    "DM_SN_printer": "Impressora",
    "DM_SN_inquiry": "Inquérito / Ajuda",
    "DM_SN_kiko_store_audio_video": "Áudio/Vídeo",
    "DM_SN_database": "Base de dados",
    "DM_SN_eva": "EVA",
    "DM_SN_clientela": "Clientela",
    "DM_SN_software": "Software",
    "DB_SN_iPad_Can’t_Connect": "Não é possível conectar.",
    "DB_SN_iPad_Stolen_or_Lost": "Roubado ou Perdido",
    "DB_SN_iPad_Charging": "Cobrança",
    "DB_SN_iPad_Broken_Screen": "Tela Quebrada",
    "DB_SN_iPad_Other": "Outro",
    "DB_SN_Adyen_Other": "Outro",
    "DB_SN_Adyen_Can’t_Connect": "Não é possível conectar",
    "DB_SN_Adyen_Payment_Issue": "Problema de pagamento",
    "DB_SN_Adyen_Lost_Device": "Dispositivo perdido",
    "DB_SN_Printer_Won’t_Print": "Não vai imprimir",
    "DB_SN_Printer_Won’t_Turn_ON": "Não Liga",
    "DB_SN_Printer_Other": "Outro",
    "DB_SN_EVA_Financial_Closure": "Encerramento financeiro",
    "DB_SN_EVA_Login": "Entrar",
    "DB_SN_EVA_Promotions": "Promoções",
    "DB_SN_EVA_Gift_Cards": "Cartões de presente",
    "DB_SN_EVA_Princing": "Preços",
    "DB_SN_Clientela_Login": "Entrar",
    "DB_SN_Clientela_Customer_Data": "Dados do Cliente",
    "DB_SN_iPhone_Can’t_Connect": "Não é possível conectar.",
    "DB_SN_iPhone_Stolen_or_Lost": "Roubado ou Perdido",
    "DB_SN_iPhone_Charging": "Cobrança",
    "DB_SN_iPhone_Broken_Screen": "Tela Quebrada",
    "DB_SN_iPhone_Other": "Outro",
    "DM_SN_kiko_store_network_wifi_access_point": "Ponto de Acesso WiFi",
    "DM_SN_kiko_store_network_router": "Roteador",
    "DM_SN_kiko_store_network_dati_fisso_bloccante": "Dati - Fixo - Bloqueador",
    "DM_SN_kiko_store_network_dati_fisso_nonbloccante": "Dati - Fixo - Não BloqueanteAnomalia",
    "DM_SN_kiko_store_network_firewall": "Firewall",
    "DM_SN_kiko_store_network_switch": "Interruptor",
    "DM_SN_kiko_store_sd_extra_activities_sd_callback_support_activity": "Atividade de Suporte de Retorno de Chamada SD",
    "DM_SN_kiko_store_hardware_drawer": "Gaveta",
    "DM_SN_kiko_store_hardware_ipad": "Ipad",
    "DM_SN_kiko_store_hardware_ipad_base_station": "Estação base do iPad",
    "DM_SN_kiko_store_hardware_iphone": "Iphone",
    "DM_SN_kiko_store_hardware_charging_station": "Estação de Carregamento",
    "DM_SN_kiko_store_hardware_credit_card_terminals": "Terminais de cartão de crédito",
    "DM_SN_kiko_store_hardware_backoffice_pc_monitor": "Monitor de PC do Backoffice",
    "DM_SN_kiko_store_hardware_other": "Outro",
    "DM_SN_kiko_store_hardware_landline_mobile_phone": "Telefone fixoTelefone móvel",
    "DM_SN_kiko_store_hardware_printer_bo": "Impressora BO",
    "DM_SN_kiko_store_hardware_pc_backoffice": "PC Backoffice",
    "DM_SN_kiko_store_hardware_barcode_reader": "Leitor de código de barras",
    "DM_SN_kiko_store_hardware_people_counter": "Contador de pessoas",
    "DM_SN_kiko_store_hardware_ticket_printer": "Impressora de Bilhetes",
    "DM_SN_kiko_store_hardware_toshiba_hp_till": "ToshibaHP Caixa",
    "DM_SN_kiko_store_hardware_ups": "UPS",
    "DM_SN_kiko_store_negoziando_cash_desk_managent": "Gestão de Caixa",
    "DM_SN_kiko_store_negoziando_credential": "Credencial",
    "DM_SN_kiko_store_negoziando_loyalty": "Lealdade",
    "DM_SN_kiko_store_negoziando_item_price": "Preço do item",
    "DM_SN_kiko_store_negoziando_invoice_credit_note": "Fatura/Nota de crédito",
    "DM_SN_kiko_store_negoziando_giftcard": "Vale-presente",
    "DM_SN_kiko_store_negoziando_closure": "Encerramento",
    "DM_SN_kiko_store_negoziando_inventory": "Inventário",
    "DM_SN_kiko_store_negoziando_banking_money": "Banca Dinheiro",
    "DM_SN_kiko_store_negoziando_till_access": "Até o acesso",
    "DM_SN_kiko_store_negoziando_vouchers": "Vales",
    "DM_SN_kiko_store_negoziando_returns": "Retornos",
    "DM_SN_kiko_store_negoziando_stock_receiving": "Stock/Recebimento",
    "DM_SN_kiko_store_negoziando_promo": "Promo",
    "DM_SN_kiko_store_negoziando_report": "Relatório",
    "DM_SN_kiko_store_ls_retail_invoice_credit_note": "Fatura/Nota de crédito",
    "DM_SN_kiko_store_ls_retail_returns": "Retornos",
    "DM_SN_kiko_store_ls_retail_cash_desk": "Gestão de Caixa",
    "DM_SN_kiko_store_ls_retail_item_price": "Preço do item",
    "DM_SN_kiko_store_ls_retail_credential": "Credencial",
    "DM_SN_kiko_store_ls_retail_loyalty": "Lealdade",
    "DM_SN_kiko_store_ls_retail_giftcard": "Vale-presente",
    "DM_SN_kiko_store_ls_retail_promo": "Promo",
    "DM_SN_kiko_store_ls_retail_vouchers": "Vales",
    "DM_SN_kiko_store_ls_retail_safe_transfer": "Transferência segura",
    "DM_SN_kiko_store_ls_retail_statement": "Declaração",
    "DM_SN_kiko_store_ls_retail_stock_management": "Gestão de estoque",
    "DM_SN_kiko_store_eva_uc_vouchers": "Vales",
    "DM_SN_kiko_store_eva_uc_stock_and_task_management": "Gestão de estoque e tarefas",
    "DM_SN_kiko_store_eva_uc_returns": "Retornos",
    "DM_SN_kiko_store_eva_uc_customers_display_app": "Clientes Exibição APP",
    "DM_SN_kiko_store_eva_uc_basket_transfer": "Transferência de cesta",
    "DM_SN_kiko_store_eva_uc_loyalty": "Lealdade",
    "DM_SN_kiko_store_eva_uc_pos_sales_app": "Aplicativo de Vendas POS",
    "DM_SN_kiko_store_eva_uc_giftcard": "Vale-presente",
    "DM_SN_kiko_store_eva_uc_power_bi": "PowerBI",
    "DM_SN_kiko_store_eva_uc_item_price_barcode": "Preço do Item Código de Barras",
    "DM_SN_kiko_store_eva_uc_promo": "Promo",
    "DM_SN_kiko_store_software_personal_corporate_credentials": "Credenciais Corporativas Pessoais",
    "DM_SN_kiko_store_software_open_office": "Escritório Aberto",
    "DM_SN_kiko_store_software_windows": "Windows",
    "DM_SN_kiko_store_software_ilabels": "Ilabels",
    "DM_SN_kiko_store_software_beKiko_login": "Entrar no BeKiko",
    "DM_SN_kiko_store_software_other": "Outro",
    "DM_SN_kiko_store_software_outlook _webmail": "Outlook WebMail",
    "DM_SN_kiko_store_software_browser_navigation": "Navegador/Navegação",
    "DM_SN_kiko_store_monitoring_router_down": "Roteador Desligado",
    "DM_SN_kiko_store_monitoring_cpu_load": "Carga da CPU",
    "DM_SN_kiko_store_monitoring_till_ipad_iphone_offline": "TillIpadIphone offline\n\nAtéIpadIphone offline",
    "DM_SN_kiko_store_monitoring_internet_access": "Acesso à Internet",
    "DM_SN_kiko_store_monitoring_server_down": "Servidor fora do ar.",
    "DM_SN_kiko_store_monitoring_hard_disk_with_free": "Disco rígido com < 2% livre",
    "DM_SN_kiko_store_audio_video_audio_amplifier": "Amplificador de áudio",
    "DM_SN_kiko_store_audio_video_video_splitter": "Divisor de vídeo",
    "DM_SN_kiko_store_audio_video_digital_windows": "Janelas Digitais",
    "DM_SN_kiko_store_audio_video_other": "Outro",
    "DM_SN_kiko_store_audio_video_thin_client": "Cliente Leve",
    "DM_SN_kiko_store_software_Others": "Outro",
    "DB_DT_WATCHTOWER": "TORRE DE VIGIA",
    "DB_DT_IPAD": "IPAD",
    "DB_DT_IPHONE": "iPHONE",
    "DB_DT_PRINTER": "IMPRESSORA",
    "DB_DT_PAYMENT": "PAGAMENTO",
    "SM_ACTION_OFFLINE_DESC": "Este dispositivo está offline desde %@ horas. Selecione o problema correspondente para obter os passos para resolver.",
    "SM_ACTION_APPS_OUTDATED_DESC": "Este dispositivo possui aplicativo(s) desatualizado(s). A resolução sugerida é para o(s) aplicativo(s) abaixo.\n1. Cornerstone\n2. Workjam\n3. Jamf",
    "SM_ACTION_OS_OUTDATED_DESC": "O sistema operacional deste dispositivo está desatualizado há %@ horas. Selecione o problema correspondente para obter instruções de resolução.",
    "SM_ACTION_TITLE_OFFLINE": "Dispositivo Offline",
    "SM_ACTION_TITLE_APP_OUTDATED": "Aplicação Desatualizada",
    "SM_ACTION_TITLE_OS_OUTDATED": "Atualização do sistema",
    "DB_FIX_TITLE_OS_UPDATE_FAIL": "OS Desatualizado",
    "DB_FIX_DESC_OS_UPDATE_FAIL": "Certifique-se antes de fechar a loja para o dia:\n 1. Confirme que o dispositivo está conectado ao dock de energia.\n 2. Confirme que o ícone de carregamento no canto superior direito está ativo.\n \n Certifique-se de que o dispositivo está conectado à rede seguindo as etapas abaixo:\n 1. Vá para Configurações.\n 2. Garanta que o WiFi esteja ligado e conectado a \"K-EVA\".\n 3. Se não estiver, conecte manualmente clicando em \"K-EVA\" WiFi.\n \n 4. Se o problema persistir, reinicie o dispositivo.",
    "SM_ST_MyActionsGuides": "Minhas Ações o orientam a tomar as medidas necessárias para resolver problemas relacionados aos dispositivos da loja.",
    "SM_ST_ServiceNowCreated": "%@ %@ criou um chamado no Service Now.",
    "SM_ST_TookActions": "%@ %@ tomou as ações.",
    "SM_ST_Copyright": "© 2024 Streamline, LLC\n\n© 2024 Streamline, LLC",
    "SM_ST_AccessPoints": "Pontos de Acesso",
    "SM_ST_ActionList": "Lista de Ação",
    "SM_ST_ActionSubmitted": "Ação enviada com sucesso.",
    "SM_ST_Address": "Endereço",
    "SM_ST_Alert": "Alerta",
    "SM_ST_All": "Tudo",
    "SM_ST_AllNotifications": "Todas as notificações sob o mesmo teto",
    "SM_ST_Approved": "Aprovado",
    "SM_ST_APPROVED": "APROVADO",
    "SM_ST_Apps": "Aplicativos",
    "SM_ST_AtRisk": "Em risco",
    "SM_ST_Certificates": "Certificados",
    "SM_ST_CheckCables": "Verifique seus cabos e conexões.",
    "SM_ST_Configured": "Configurado",
    "SM_ST_Connectivity": "Conectividade",
    "SM_ST_DashboardView": "Visualização do painel de todos os dispositivos da sua loja juntamente com a contagem do estado saudável.",
    "SM_ST_DeviceDetails": "Detalhes do dispositivo",
    "SM_ST_DeviceOffline": "Dispositivo Offline",
    "SM_ST_Disclaimer": "Isenção de responsabilidade",
    "SM_ST_EasyAccess": "Acesso fácil à saúde do dispositivo.",
    "SM_ST_Error": "Erro",
    "SM_ST_ErrorSubmission": "Erro durante o envio. Por favor, tente novamente.",
    "SM_ST_ErrorSubmittingAction": "Erro ao enviar a ação.",
    "SM_ST_Fix": "Consertar",
    "SM_ST_FixFailed": "Correção falhou. Por favor, tente novamente.",
    "SM_ST_FixInProcess": "A correção está em processo. Verifique novamente após algum tempo.",
    "SM_ST_Fixes": "Correções",
    "SM_ST_GoToSettings": "Ir para Configurações",
    "SM_ST_Health": "Saúde",
    "SM_ST_iEnterprise": "iEmpresa",
    "SM_ST_INSTALLED": "INSTALADO",
    "SM_ST_iOS": "iOS\n\niOS",
    "SM_ST_IOT": "IOT",
    "SM_ST_iPhones": "iPhones",
    "SM_ST_iPads": "iPads",
    "SM_ST_IssueLoadingData": "Problema ao carregar os dados",
    "SM_ST_Issues": "Questões",
    "SM_ST_KeepDevicesUpdated": "Mantenha seus dispositivos atualizados.",
    "SM_ST_LastConnected": "Última conexão",
    "SM_ST_LetUsKnowMore": "Deixe-nos saber mais.",
    "SM_ST_LocationPermissionDenied": "Permissão de localização negada",
    "SM_ST_CheckWifiOn": "Certifique-se de que o seu Wi-fi está ligado e que consegue ver a sua rede.",
    "SM_ST_CheckRouterOn": "Certifique-se de que o seu roteador está ligado e você está dentro do alcance.",
    "SM_ST_MobileDevices": "Dispositivos móveis",
    "SM_ST_Model": "Modelo",
    "SM_ST_MyActions": "Minhas Ações",
    "SM_ST_NeverMissAnnouncement": "Nunca perca nenhum anúncio para operações eficientes e suaves com \"Atualizações do sistema\".",
    "SM_ST_NewIssue": "Nova edição",
    "SM_ST_NoActionsPending": "Sem ações pendentes",
    "SM_ST_NoDevices": "Sem dispositivos",
    "SM_ST_NoDevicesAvailable": "Nenhum dispositivo disponível para esta seleção.",
    "SM_ST_NoDevicesLower": "sem dispositivos",
    "SM_ST_NoUpdates": "Sem atualizações",
    "SM_ST_NotConfigured": "Não configurado",
    "SM_ST_Notification": "Notificação",
    "SM_ST_Notifications": "Notificações",
    "SM_ST_Ok": "ok",
    "SM_ST_OK": "OK -> OK",
    "SM_ST_Other": "Outro",
    "SM_ST_OtherDevices": "Outros dispositivos",
    "SM_ST_Others": "Outros",
    "SM_ST_Payment": "Pagamento",
    "SM_ST_PaymentDevices": "Dispositivos de Pagamento",
    "SM_ST_CheckInternet": "Por favor, verifique sua conexão com a internet. Conecte o dispositivo à internet.",
    "SM_ST_PleaseRetry": "Por favor, tente novamente.",
    "SM_ST_PoweredBy": "alimentado por",
    "SM_ST_PoweredByIEnterprise": "alimentado por iEnterprise",
    "SM_ST_Printer": "Impressora",
    "SM_ST_Printers": "Impressoras",
    "SM_ST_PrivacyPolicy": "Política de Privacidade",
    "SM_ST_ProceedToApp": "Prossiga para o aplicativo",
    "SM_ST_Profile": "Perfil",
    "SM_ST_PullToRefresh": "Puxe para baixo para atualizar.",
    "SM_ST_RaiseConcern": "Levante sua preocupação e resolveremos",
    "SM_ST_RaiseTrackResolve": "Levante, rastreie e resolva todas as suas consultas relacionadas aos dispositivos sob o mesmo teto.",
    "SM_ST_RateExperience": "Avalie sua experiência.",
    "SM_ST_ReportIssue": "Relatar Problema",
    "SM_ST_Report": "Relatório",
    "SM_ST_Request": "Pedido",
    "SM_ST_ResolveActionSubmitted": "Ação resolvida enviada com sucesso.",
    "SM_ST_Resolved": "Resolvido",
    "SM_ST_RestartDevice": "Reinicie o seu dispositivo",
    "SM_ST_Retry": "Tentar novamente",
    "SM_ST_SelectIssueForSteps": "Selecione a questão correspondente para os passos para resolver.",
    "SM_ST_SerialNumberEmpty": "O número de série está vazio.",
    "SM_ST_SignIn": "Entrar",
    "SM_ST_SignOut": "Sair",
    "SM_ST_Login": "Entrar",
    "SM_ST_Logout": "Sair",
    "SM_ST_StillFacingIssue": "Ainda enfrentando problemas?",
    "SM_ST_StoreHealth": "Saúde da loja",
    "SM_ST_StoreID": "ID da loja: 100",
    "SM_ST_StoreReports": "Relatórios da Loja",
    "SM_ST_Transactions": "Transações",
    "SM_ST_PaymentModes": "Modos de pagamento",
    "SM_ST_Products": "Produtos",
    "SM_ST_Inventry": "Inventário",
    "SM_ST_Employees": "Funcionários",
    "SM_ST_Submit": "Enviar",
    "SM_ST_Switches": "Interruptores",
    "SM_ST_SystemUpdates": "Atualizações do sistema",
    "SM_ST_Updates": "Atualizações",
    "SM_ST_ThankYouForSharing": "Obrigado por compartilhar sua experiência.",
    "SM_ST_NoDataCollection": "Este aplicativo não coleta nem compartilha dados pessoalmente identificáveis com terceiros por qualquer motivo.",
    "SM_ST_DeviceOfflineFewDays": "Este dispositivo está offline há alguns dias. Por favor, ligue e conecte-se ao WiFi K-EVA. Vamos enviar as atualizações automaticamente.",
    "SM_ST_Total": "Total",
    "SM_ST_TotalDevices": "Dispositivos Totais",
    "SM_ST_UnableToLoadData": "Não é possível carregar os dados. Por favor, tente novamente.",
    "SM_ST_UnauthorizedAccess": "Acesso não autorizado",
    "SM_ST_Unhealthy": "Não saudável",
    "SM_ST_NotAuthorizedAccess": "Você não está autorizado a acessar este aplicativo.",
    "SM_ST_YouAreOnTrack": "Você está no caminho certo! Não há ações pendentes para a loja.",
    "SM_ST_DeviceNotConnected": "O seu dispositivo não está conectado à internet.",
    "SM_ST_LocationForNetwork": "A localização do seu dispositivo é usada para obter a saúde da rede. Ative os serviços de localização nas Configurações.",
    "SM_ST_EnsureWifiON": "Certifique-se de que o wifi está ligado e conectado a 'K-EVA'.",
    "SM_ST_ConnectWifiManually": "Se não, conecte manualmente clicando em 'K-EVA' wifi.",
    "SM_ST_IfProblemStillExists": "Se o problema ainda existir, reinicie o dispositivo.",
    "DB_FIX_TITLE_DEV_SWITCHED_OFF": "Dispositivo desligado",
    "DB_FIX_TITLE_NET_CONN_LOST": "Conexão de Rede Perdida",
    "DB_FIX_TITLE_CHARG_ISSUE": "Problema de carregamento",
    "DB_FIX_TITLE_DEV_STOLE_LOST": "Dispositivo roubado ou perdido",
    "DB_FIX_TITLE_DEV_DAM_BROKEN": "Dispositivo danificado ou quebrado",
    "DB_FIX_TITLE_DEV_NO_POWER": "Dispositivo não liga.",
    "DB_FIX_DESC_DEV_SWITCHED_OFF": "Se o dispositivo não ligar, conecte ao iPort Multi Dock para iPhones ou iPort Base Station/Pillar e verifique se o dispositivo carrega e liga.\n\na. Se o iPhone não carregar usando iPorts, remova o adaptador iPort do estojo e conecte ao carregador de parede da Apple.\nb. Se o iPad não carregar, remova do estojo iPort e conecte ao carregador de parede da Apple.\n\nSe o dispositivo ainda não carregar, envie um ticket para RMA (substituição) do dispositivo.",
    "DB_FIX_DESC_NET_CONN_LOST": "Caso haja problema ao conectar ao seu Wi-Fi no seu iPhone ou iPad.\n\n1. Certifique-se de que o seu router está ligado.\n2. Garanta que o dispositivo está dentro do alcance.\n3. Certifique-se de que o Wi-Fi está ligado e que consegue ver a sua rede.\n4. Reinicie o dispositivo.\n\nNota: Se os passos acima forem seguidos por você, toque em 'Resolvido' e o sistema atualizará o estado do problema após a verificação bem-sucedida do sistema após algum tempo. Se ainda enfrentar o problema, toque em 'Levantar problema' para informar a nossa equipa de suporte.",
    "DB_FIX_DESC_CHARG_ISSUE": "Se o dispositivo não ligar, conecte ao iPort Multi Dock para iPhones ou iPort Base Station/Pillar e verifique se o dispositivo carrega e liga.\n\na. Se o iPhone não carregar usando iPorts, remova o plug do adaptador iPort do estojo e conecte ao carregador de parede da Apple.\nb. Se o iPad não carregar, remova do estojo iPort e conecte ao carregador de parede da Apple.\n\nSe o dispositivo ainda não carregar, envie um ticket para RMA (substituição) do dispositivo.",
    "DB_FIX_DESC_DEV_STOLE_LOST": "Se o dispositivo estiver ausente da loja, envie um ticket de Dispositivo Perdido/Roubado tocando no botão \"Reportar Problema\".",
    "DB_FIX_DESC_DEV_DAM_BROKEN": "Se o dispositivo estiver quebrado ou danificado, envie um ticket de Dispositivo Perdido/Roubado tocando no botão \"Reportar Problema\".",
    "DB_FIX_DESC_DEV_NO_POWER": "Se o dispositivo não ligar, conecte ao iPort Multi Dock para iPhones ou iPort Base Station/Pillar e verifique se o dispositivo carrega e liga.\n\na. Se o iPhone não carregar usando iPorts, remova o plug do adaptador iPort do estojo e conecte ao carregador de parede da Apple.\nb. Se o iPad não carregar, remova do estojo iPort e conecte ao carregador de parede da Apple.\n\nSe o dispositivo ainda não carregar, envie um ticket para RMA (substituição) do dispositivo.",
    "DM_DS_OFFLINE_REASON": "1. Ir para Configurações.\n2. Certifique-se de que o wifi está ligado e conectado a \"K-EVA\".\n3. Se o problema não for resolvido, conecte manualmente clicando em \"K-EVA\" Wi-Fi.\n4. Se o problema ainda persistir, reinicie o dispositivo.",
    "DM_DS_BATTERY_REASON": "1. Certifique-se de que o dispositivo está conectado ao ponto de carregamento.\n2. Verifique o ícone da bateria com um ícone de carregamento para garantir que o dispositivo está carregando.",
    "DM_DS_APP_REASON": "1. Verifique se o dispositivo está conectado ao Wi-Fi.\n2. Abra o 'Self Service' no seu dispositivo.\n3. Navegue ou pesquise na Biblioteca do Self Service para localizar o aplicativo.\n4. Selecione o aplicativo e toque no botão \"Instalar\" para baixá-lo e instalá-lo no seu dispositivo.\n5. Você verá uma marca de seleção quando o aplicativo estiver instalado no dispositivo.",
    "DM_DS_OS_REASON": "Antes de fechar a loja para o dia:\n1. Confirme se o dispositivo está conectado ao dock de energia.\n2. Confirme se o ícone de carregamento no canto superior direito está ativo.\nCertifique-se de que o dispositivo esteja conectado à rede:\n1. Vá para Configurações.\n2. Certifique-se de que o wifi está ligado e conectado a \"K-EVA\".\n3. Se o problema não for resolvido, conecte manualmente clicando em \"K-EVA\" Wi-Fi.\n4. Se o problema ainda existir, reinicie o dispositivo.",
    "DM_DS_CERTICATES_REASON": "1. Ir para Configurações.\n2. Certificar-se de que o wifi está ligado e conectado a \"K-EVA\".\n3. Se o problema não for resolvido, conecte manualmente clicando em \"K-EVA\" Wi-Fi.\n4. Se o problema ainda persistir, reinicie o dispositivo.",
    "DM_DS_OFFLINE_REASON_TITLE": "Estado offline",
    "DM_DS_BATTERY_REASON_TITLE": "Bateria",
    "DM_DS_APP_REASON_TITLE": "Aplicativos",
    "DM_DS_OS_REASON_TITLE": "OS",
    "DM_DS_CERTICATES_REASON_TITLE": "Certificados"
}