{
    "NTS_Back": "Rücken",
    "NTS_CapturePhoto": "Foto aufnehmen",
    "NTS_Created": "erstellt.",
    "NTS_Description": "Beschreibung",
    "NTS_Device": "Gerät",
    "NTS_DoNotGoBack": "Gehen Sie nicht zurück oder aktualisieren Sie die Seite.",
    "NTS_EnterTitle": "Geben Sie den Titel ein",
    "NTS_ErrorDevices": "Fehler beim Laden von 'Geräte'. Bitte erneut versuchen.",
    "NTS_ErrorLoading": "Fehler beim Laden der Daten. Bitte versuchen Sie es erneut.",
    "NTS_InProgress": "In Bearbeitung",
    "NTS_IssueDetails": "Problem Details",
    "NTS_IssueLoadingData": "Problem beim Laden der Daten",
    "NTS_Issues": "Probleme",
    "NTS_MaxUploadSize": "Maximale Dateigröße für den Upload: %.1f MB.",
    "NTS_PleaseWaitLoading": "Bitte warten Sie, während es geladen wird...",
    "NTS_PullToRefresh": "Zum Aktualisieren nach unten ziehen",
    "NTS_RecordVideo": "Video aufnehmen",
    "NTS_SelectCategory": "Wählen Sie die Kategorie.",
    "NTS_SelectSubCategory": "Wählen Sie die Unterkategorie aus.",
    "NTS_SelectDeviceType": "Wählen Sie den Gerätetyp*",
    "NTS_SelectImages": "Wählen Sie Bilder",
    "NTS_SelectDevice": "Wählen Sie das Gerät aus.",
    "NTS_FileExceedsSize": "Diese Datei überschreitet die maximale Dateigröße von %.1f.",
    "NTS_Title": "Titel*",
    "NTS_UnableToLoadData": "Daten konnten nicht geladen werden. Bitte versuchen Sie es erneut.",
    "NTS_Upload": "Hochladen",
    "NTS_AttachmentSingular": "%lld Anhang",
    "NTS_AttachmentPlural": "%lld Anhänge",
    "NTS_AddDetails": "Fügen Sie hier Details hinzu.",
    "NTS_Category": "Kategorie",
    "NTS_ErrorCategory": "Fehler beim Laden von 'Kategorie'. Bitte erneut versuchen.",
    "NTS_Retry": "Wiederholen",
    "NTS_SelectAll": "Alles auswählen",
    "NTS_StoreHealth": "Gesundheitsspeicher",
    "NTS_SubCategory": "Unterkategorie*",
    "NTS_TicketNumber": "Ticket # -> Ticket #",
    "NTS_TicketID": "Ticket-ID:",
    "NTS_Uploaded": "Hochgeladen (%lld von %lld)",
    "NTS_AddAttachment": "Anhang hinzufügen",
    "NTS_ErrorDeviceType": "Fehler beim Laden von 'Gerätetyp'. Bitte versuchen Sie es erneut.",
    "NTS_ErrorSubmitting": "Fehler beim Einreichen des Problems. Bitte versuchen Sie es erneut.",
    "NTS_New": "Neu",
    "NTS_NewIssue": "Neue Ausgabe",
    "NTS_Ok": "Ok.",
    "NTS_Resolved": "Gelöst",
    "NTS_Submit": "Einreichen",
    "NTS_UploadAttachment": "Anhang hochladen",
    "NTS_MaxFilesSelected": "Sie können nicht mehr als %lld Dateien zum Hochladen auswählen.",
    "DM_SN_kiko_store_network": "Netzwerk",
    "DM_SN_kiko_store_sd_extra_activities": "SD Extra-Aktivitäten",
    "DM_SN_kiko_store_hardware": "Hardware",
    "DM_SN_kiko_store_negoziando": "Verhandeln",
    "DM_SN_hardware": "Hardware",
    "DM_SN_kiko_store_ls_retail": "LS Retail",
    "DM_SN_network": "Netzwerk",
    "DM_SN_iPhone": "iPhone",
    "DM_SN_kiko_store_eva_uc": "EVA UC",
    "DM_SN_adyen": "Adyen",
    "DM_SN_kiko_store_software": "Software",
    "DM_SN_ipad": "iPad",
    "DM_SN_kiko_store_monitoring": "Überwachung",
    "DM_SN_printer": "Drucker",
    "DM_SN_inquiry": "Anfrage / Hilfe",
    "DM_SN_kiko_store_audio_video": "Audio/Video",
    "DM_SN_iphone": "iPhone",
    "DM_SN_database": "Datenbank",
    "DM_SN_eva": "EVA",
    "DM_SN_clientela": "Klientel",
    "DM_SN_software": "Software",
    "DM_SN_kiko_store_network_wifi_access_point": "WiFi Zugangspunkt",
    "DM_SN_kiko_store_network_router": "Router",
    "DM_SN_kiko_store_network_dati_fisso_bloccante": "Dati - Fest - Blockierend",
    "DM_SN_kiko_store_network_dati_fisso_nonbloccante": "Daten - Fest - Nicht blockierend - Anomalie",
    "DM_SN_kiko_store_network_firewall": "Firewall",
    "DM_SN_kiko_store_network_switch": "Schalter",
    "DM_SN_kiko_store_sd_extra_activities_sd_callback_support_activity": "SD Rückruf-Support-Aktivität",
    "DM_SN_kiko_store_hardware_drawer": "Schublade",
    "DM_SN_kiko_store_hardware_ipad": "iPad",
    "DM_SN_kiko_store_hardware_ipad_base_station": "iPad Basisstation",
    "DM_SN_kiko_store_hardware_iphone": "iPhone",
    "DM_SN_kiko_store_hardware_charging_station": "Ladestation",
    "DM_SN_kiko_store_hardware_credit_card_terminals": "Kreditkarten-Terminals",
    "DM_SN_kiko_store_hardware_backoffice_pc_monitor": "Backoffice PC Monitor",
    "DM_SN_kiko_store_hardware_other": "Andere",
    "DM_SN_kiko_store_hardware_landline_mobile_phone": "FestnetzHandy",
    "DM_SN_kiko_store_hardware_printer_bo": "Drucker BO",
    "DM_SN_kiko_store_hardware_pc_backoffice": "PC Backoffice",
    "DM_SN_kiko_store_hardware_barcode_reader": "Barcodeleser",
    "DM_SN_kiko_store_hardware_people_counter": "Menschenzähler",
    "DM_SN_kiko_store_hardware_ticket_printer": "Ticketdrucker",
    "DM_SN_kiko_store_hardware_toshiba_hp_till": "ToshibaHP Kasse",
    "DM_SN_kiko_store_hardware_ups": "UPS",
    "DM_SN_kiko_store_negoziando_cash_desk_managent": "Kassenmanagement",
    "DM_SN_kiko_store_negoziando_credential": "Anmeldeinformationen",
    "DM_SN_kiko_store_negoziando_loyalty": "Treue",
    "DM_SN_kiko_store_negoziando_item_price": "Artikelpreis",
    "DM_SN_kiko_store_negoziando_invoice_credit_note": "Rechnung/Gutschrift",
    "DM_SN_kiko_store_negoziando_giftcard": "Geschenkkarte",
    "DM_SN_kiko_store_negoziando_closure": "Abschluss",
    "DM_SN_kiko_store_negoziando_inventory": "Inventar",
    "DM_SN_kiko_store_negoziando_banking_money": "Banking Geld",
    "DM_SN_kiko_store_negoziando_till_access": "Zugang bis dahin",
    "DM_SN_kiko_store_negoziando_vouchers": "Gutscheine",
    "DM_SN_kiko_store_negoziando_returns": "Rücksendungen",
    "DM_SN_kiko_store_negoziando_stock_receiving": "Bestand/Empfang",
    "DM_SN_kiko_store_negoziando_promo": "Promo",
    "DM_SN_kiko_store_negoziando_report": "Bericht",
    "DM_SN_kiko_store_ls_retail_invoice_credit_note": "Rechnung/Gutschrift",
    "DM_SN_kiko_store_ls_retail_returns": "Rücksendungen",
    "DM_SN_kiko_store_ls_retail_cash_desk": "Kassenmanagement",
    "DM_SN_kiko_store_ls_retail_item_price": "Artikelpreis",
    "DM_SN_kiko_store_ls_retail_credential": "Anmeldeinformationen",
    "DM_SN_kiko_store_ls_retail_loyalty": "Treue",
    "DM_SN_kiko_store_ls_retail_giftcard": "Geschenkkarte",
    "DM_SN_kiko_store_ls_retail_promo": "Promo",
    "DM_SN_kiko_store_ls_retail_vouchers": "Gutscheine",
    "DM_SN_kiko_store_ls_retail_safe_transfer": "Sicherer Transfer",
    "DM_SN_kiko_store_ls_retail_statement": "Aussage",
    "DM_SN_kiko_store_ls_retail_stock_management": "Bestandsmanagement",
    "DM_SN_kiko_store_eva_uc_vouchers": "Gutscheine",
    "DM_SN_kiko_store_eva_uc_stock_and_task_management": "Bestands- und Aufgabenverwaltung",
    "DM_SN_kiko_store_eva_uc_returns": "Rücksendungen",
    "DM_SN_kiko_store_eva_uc_customers_display_app": "Kundenanzeigen-App",
    "DM_SN_kiko_store_eva_uc_basket_transfer": "Korbtransfer",
    "DM_SN_kiko_store_eva_uc_loyalty": "Treue",
    "DM_SN_kiko_store_eva_uc_pos_sales_app": "POS-Verkaufs-APP",
    "DM_SN_kiko_store_eva_uc_giftcard": "Geschenkkarte",
    "DM_SN_kiko_store_eva_uc_power_bi": "PowerBI",
    "DM_SN_kiko_store_eva_uc_item_price_barcode": "Artikel Preis Barcode",
    "DM_SN_kiko_store_eva_uc_promo": "Promo",
    "DM_SN_kiko_store_software_personal_corporate_credentials": "Unternehmenszugangsdaten",
    "DM_SN_kiko_store_software_open_office": "Open Office",
    "DM_SN_kiko_store_software_windows": "Fenster",
    "DM_SN_kiko_store_software_ilabels": "Ilabels -> Etiketten",
    "DM_SN_kiko_store_software_beKiko_login": "BeKiko Anmeldung",
    "DM_SN_kiko_store_software_other": "Andere",
    "DM_SN_kiko_store_software_outlook _webmail": "Outlook WebMail",
    "DM_SN_kiko_store_software_browser_navigation": "Browser/Navigation",
    "DM_SN_kiko_store_monitoring_router_down": "Router ausgefallen",
    "DM_SN_kiko_store_monitoring_cpu_load": "CPU-Auslastung",
    "DM_SN_kiko_store_monitoring_till_ipad_iphone_offline": "TillIpadIphone offline\n\nTillIpadIphone offline",
    "DM_SN_kiko_store_monitoring_internet_access": "Internetzugang",
    "DM_SN_kiko_store_monitoring_server_down": "Server ausfallen",
    "DM_SN_kiko_store_monitoring_hard_disk_with_free": "Festplatte mit < 2% frei",
    "DM_SN_kiko_store_audio_video_audio_amplifier": "Audioverstärker",
    "DM_SN_kiko_store_audio_video_video_splitter": "Video Splitter",
    "DM_SN_kiko_store_audio_video_digital_windows": "Digitale Fenster",
    "DM_SN_kiko_store_audio_video_other": "Andere",
    "DM_SN_kiko_store_audio_video_thin_client": "Dünner Client"
}