{
    "NTS_Back": "Back",
    "NTS_CapturePhoto": "Capture Photo",
    "NTS_Created": "created.",
    "NTS_Description": "Description*",
    "NTS_Device": "Device*",
    "NTS_DoNotGoBack": "Do not go back or refresh the page.",
    "NTS_EnterTitle": "Enter the Title",
    "NTS_ErrorDevices": "Error while loading 'Devices.' Please retry.",
    "NTS_ErrorLoading": "Error while loading data. Please retry.",
    "NTS_InProgress": "In Progress",
    "NTS_IssueDetails": "Issue Details",
    "NTS_IssueLoadingData": "Issue loading the data",
    "NTS_Issues": "Issues",
    "NTS_MaxUploadSize": "Maximum file upload size: %.1f MB.",
    "NTS_PleaseWaitLoading": "Please wait while itâ€™s loadingâ€¦",
    "NTS_PullToRefresh": "Pull down to refresh",
    "NTS_RecordVideo": "Record Video",
    "NTS_SelectCategory": "Select the category",
    "NTS_SelectSubCategory": "Select the sub category",
    "NTS_SelectDeviceType": "Select Device Type*",
    "NTS_SelectImages": "Select Images",
    "NTS_SelectDevice": "Select the device",
    "NTS_FileExceedsSize": "This file exceeding the maximum file size of %.1f",
    "NTS_Title": "Title*",
    "NTS_UnableToLoadData": "Unable to load data. Please retry.",
    "NTS_Upload": "Upload",
    "NTS_AttachmentSingular": "%lld Attachment",
    "NTS_AttachmentPlural": "%lld Attachments",
    "NTS_AddDetails": "Add details here",
    "NTS_Category": "Category*",
    "NTS_ErrorCategory": "Error while loading 'Category'. Please retry.",
    "NTS_Retry": "Retry",
    "NTS_SelectAll": "Select All",
    "NTS_StoreHealth": "Store Health",
    "NTS_SubCategory": "Sub Category*",
    "NTS_TicketNumber": "Ticket #",
    "NTS_TicketID": "Ticket ID:",
    "NTS_Uploaded": "Uploaded (%lld out of %lld)",
    "NTS_AddAttachment": "Add Attachment",
    "NTS_ErrorDeviceType": "Error while loading 'Device Type'. Please retry.",
    "NTS_ErrorSubmitting": "Error while submitting the issue. Please retry.",
    "NTS_New": "New",
    "NTS_NewIssue": "New Issue",
    "NTS_Ok": "Ok",
    "NTS_Resolved": "Resolved",
    "NTS_Submit": "Submit",
    "NTS_UploadAttachment": "Upload Attachment",
    "NTS_MaxFilesSelected": "You cannot select more than %lld files to upload.",
    "DM_SN_kiko_store_network": "Network",
    "DM_SN_kiko_store_sd_extra_activities": "SD Extra Activities",
    "DM_SN_kiko_store_hardware": "Hardware",
    "DM_SN_kiko_store_negoziando": "Negoziando",
    "DM_SN_hardware": "Hardware",
    "DM_SN_kiko_store_ls_retail": "LS Retail",
    "DM_SN_network": "Network",
    "DM_SN_iPhone": "iPhone",
    "DM_SN_kiko_store_eva_uc": "EVA UC",
    "DM_SN_adyen": "Adyen",
    "DM_SN_kiko_store_software": "Software",
    "DM_SN_ipad": "iPad",
    "DM_SN_kiko_store_monitoring": "Monitoring",
    "DM_SN_printer": "Printer",
    "DM_SN_inquiry": "Inquiry / Help",
    "DM_SN_kiko_store_audio_video": "Audio/Video",
    "DM_SN_iphone": "iPhone",
    "DM_SN_database": "Database",
    "DM_SN_eva": "EVA",
    "DM_SN_clientela": "Clientela",
    "DM_SN_software": "Software",
    "DM_SN_kiko_store_network_wifi_access_point": "WiFi Access Point",
    "DM_SN_kiko_store_network_router": "Router",
    "DM_SN_kiko_store_network_dati_fisso_bloccante": "Dati - Fisso - Bloccante",
    "DM_SN_kiko_store_network_dati_fisso_nonbloccante": "Dati - Fisso - Non BloccanteAnomalia",
    "DM_SN_kiko_store_network_firewall": "Firewall",
    "DM_SN_kiko_store_network_switch": "Switch",
    "DM_SN_kiko_store_sd_extra_activities_sd_callback_support_activity": "SD Call Back Support Activity",
    "DM_SN_kiko_store_hardware_drawer": "Drawer",
    "DM_SN_kiko_store_hardware_ipad": "Ipad",
    "DM_SN_kiko_store_hardware_ipad_base_station": "Ipad Base Station",
    "DM_SN_kiko_store_hardware_iphone": "Iphone",
    "DM_SN_kiko_store_hardware_charging_station": "Charging Station",
    "DM_SN_kiko_store_hardware_credit_card_terminals": "Credit Card Terminals",
    "DM_SN_kiko_store_hardware_backoffice_pc_monitor": "Backoffice PC Monitor",
    "DM_SN_kiko_store_hardware_other": "Other",
    "DM_SN_kiko_store_hardware_landline_mobile_phone": "LandlineMobile Phone",
    "DM_SN_kiko_store_hardware_printer_bo": "Printer BO",
    "DM_SN_kiko_store_hardware_pc_backoffice": "PC Backoffice",
    "DM_SN_kiko_store_hardware_barcode_reader": "Barcode Reader",
    "DM_SN_kiko_store_hardware_people_counter": "People Counter",
    "DM_SN_kiko_store_hardware_ticket_printer": "Ticket Printer",
    "DM_SN_kiko_store_hardware_toshiba_hp_till": "ToshibaHP Till",
    "DM_SN_kiko_store_hardware_ups": "UPS",
    "DM_SN_kiko_store_negoziando_cash_desk_managent": "Cash Desk Managent",
    "DM_SN_kiko_store_negoziando_credential": "Credential",
    "DM_SN_kiko_store_negoziando_loyalty": "Loyalty",
    "DM_SN_kiko_store_negoziando_item_price": "Item Price",
    "DM_SN_kiko_store_negoziando_invoice_credit_note": "Invoice/Credit note",
    "DM_SN_kiko_store_negoziando_giftcard": "Giftcard",
    "DM_SN_kiko_store_negoziando_closure": "Closure",
    "DM_SN_kiko_store_negoziando_inventory": "Inventory",
    "DM_SN_kiko_store_negoziando_banking_money": "Banking Money",
    "DM_SN_kiko_store_negoziando_till_access": "Till access",
    "DM_SN_kiko_store_negoziando_vouchers": "Vouchers",
    "DM_SN_kiko_store_negoziando_returns": "Returns",
    "DM_SN_kiko_store_negoziando_stock_receiving": "Stock/Receiving",
    "DM_SN_kiko_store_negoziando_promo": "Promo",
    "DM_SN_kiko_store_negoziando_report": "Report",
    "DM_SN_kiko_store_ls_retail_invoice_credit_note": "Invoice/Credit note",
    "DM_SN_kiko_store_ls_retail_returns": "Returns",
    "DM_SN_kiko_store_ls_retail_cash_desk": "Cash Desk Management",
    "DM_SN_kiko_store_ls_retail_item_price": "Item price",
    "DM_SN_kiko_store_ls_retail_credential": "Credential",
    "DM_SN_kiko_store_ls_retail_loyalty": "Loyalty",
    "DM_SN_kiko_store_ls_retail_giftcard": "Giftcard",
    "DM_SN_kiko_store_ls_retail_promo": "Promo",
    "DM_SN_kiko_store_ls_retail_vouchers": "Vouchers",
    "DM_SN_kiko_store_ls_retail_safe_transfer": "Safe Transfer",
    "DM_SN_kiko_store_ls_retail_statement": "Statement",
    "DM_SN_kiko_store_ls_retail_stock_management": "Stock Management",
    "DM_SN_kiko_store_eva_uc_vouchers": "Vouchers",
    "DM_SN_kiko_store_eva_uc_stock_and_task_management": "Stock and Task Management",
    "DM_SN_kiko_store_eva_uc_returns": "Returns",
    "DM_SN_kiko_store_eva_uc_customers_display_app": "Customers Display APP",
    "DM_SN_kiko_store_eva_uc_basket_transfer": "Basket Transfer",
    "DM_SN_kiko_store_eva_uc_loyalty": "Loyalty",
    "DM_SN_kiko_store_eva_uc_pos_sales_app": "POS Sales APP",
    "DM_SN_kiko_store_eva_uc_giftcard": "Giftcard",
    "DM_SN_kiko_store_eva_uc_power_bi": "PowerBI",
    "DM_SN_kiko_store_eva_uc_item_price_barcode": "Item Price Barcode",
    "DM_SN_kiko_store_eva_uc_promo": "Promo",
    "DM_SN_kiko_store_software_personal_corporate_credentials": "Personal Corporate Credentials",
    "DM_SN_kiko_store_software_open_office": "Open Office",
    "DM_SN_kiko_store_software_windows": "Windows",
    "DM_SN_kiko_store_software_ilabels": "Ilabels",
    "DM_SN_kiko_store_software_beKiko_login": "BeKiko Login",
    "DM_SN_kiko_store_software_other": "Other",
    "DM_SN_kiko_store_software_outlook _webmail": "Outlook WebMail",
    "DM_SN_kiko_store_software_browser_navigation": "Browser/Navigation",
    "DM_SN_kiko_store_monitoring_router_down": "Router Down",
    "DM_SN_kiko_store_monitoring_cpu_load": "Cpu Load",
    "DM_SN_kiko_store_monitoring_till_ipad_iphone_offline": "TillIpadIphone offline",
    "DM_SN_kiko_store_monitoring_internet_access": "Internet Access",
    "DM_SN_kiko_store_monitoring_server_down": "Server Down",
    "DM_SN_kiko_store_monitoring_hard_disk_with_free": "Hard disk with < 2% free",
    "DM_SN_kiko_store_audio_video_audio_amplifier": "Audio Amplifier",
    "DM_SN_kiko_store_audio_video_video_splitter": "Video Splitter",
    "DM_SN_kiko_store_audio_video_digital_windows": "Digital Windows",
    "DM_SN_kiko_store_audio_video_other": "Other",
    "DM_SN_kiko_store_audio_video_thin_client": "Thin Client"
}