{
    "NTS_Back": "Espalda",
    "NTS_CapturePhoto": "Capturar foto",
    "NTS_Created": "creado.",
    "NTS_Description": "Descripción",
    "NTS_Device": "Dispositivo",
    "NTS_DoNotGoBack": "No vuelvas atrás ni actualices la página.",
    "NTS_EnterTitle": "Introduce el título.",
    "NTS_ErrorDevices": "Error al cargar 'Dispositivos'. Por favor, inténtelo de nuevo.",
    "NTS_ErrorLoading": "Error al cargar los datos. Por favor, inténtelo de nuevo.",
    "NTS_InProgress": "En Progreso",
    "NTS_IssueDetails": "Detalles del problema",
    "NTS_IssueLoadingData": "Problema al cargar los datos",
    "NTS_Issues": "Problemas",
    "NTS_MaxUploadSize": "Tamaño máximo de carga de archivo: %.1f MB.",
    "NTS_PleaseWaitLoading": "Por favor, espera mientras se carga...",
    "NTS_PullToRefresh": "Tire hacia abajo para actualizar",
    "NTS_RecordVideo": "Grabar video",
    "NTS_SelectCategory": "Selecciona la categoría.",
    "NTS_SelectSubCategory": "Selecciona la subcategoría.",
    "NTS_SelectDeviceType": "Seleccionar tipo de dispositivo*",
    "NTS_SelectImages": "Seleccionar imágenes",
    "NTS_SelectDevice": "Selecciona el dispositivo.",
    "NTS_FileExceedsSize": "Este archivo excede el tamaño máximo de archivo de %.1f",
    "NTS_Title": "Título",
    "NTS_UnableToLoadData": "No se puede cargar los datos. Por favor, inténtelo de nuevo.",
    "NTS_Upload": "Subir",
    "NTS_AttachmentSingular": "%lld Adjunto",
    "NTS_AttachmentPlural": "%lld Archivos adjuntos",
    "NTS_AddDetails": "Agrega detalles aquí",
    "NTS_Category": "Categoría",
    "NTS_ErrorCategory": "Error al cargar 'Categoría'. Por favor, inténtelo de nuevo.",
    "NTS_Retry": "Reintentar",
    "NTS_SelectAll": "Seleccionar todo",
    "NTS_StoreHealth": "Salud de la tienda",
    "NTS_SubCategory": "Subcategoría",
    "NTS_TicketNumber": "Boleto #",
    "NTS_TicketID": "Identificación del boleto:",
    "NTS_Uploaded": "Subido (%lld de %lld)",
    "NTS_AddAttachment": "Agregar adjunto",
    "NTS_ErrorDeviceType": "Error al cargar 'Tipo de dispositivo'. Por favor, inténtelo de nuevo.",
    "NTS_ErrorSubmitting": "Error al enviar el problema. Por favor, inténtelo de nuevo.",
    "NTS_New": "Nuevo",
    "NTS_NewIssue": "Nuevo problema",
    "NTS_Ok": "Ok.",
    "NTS_Resolved": "Resuelto",
    "NTS_Submit": "Enviar",
    "NTS_UploadAttachment": "Cargar adjunto",
    "NTS_MaxFilesSelected": "No se pueden seleccionar más de %lld archivos para cargar.",
    "DM_SN_kiko_store_network": "Red",
    "DM_SN_kiko_store_sd_extra_activities": "Actividades Extra de SD",
    "DM_SN_kiko_store_hardware": "Hardware",
    "DM_SN_kiko_store_negoziando": "Negociando",
    "DM_SN_hardware": "Hardware",
    "DM_SN_kiko_store_ls_retail": "LS Retail",
    "DM_SN_network": "Red",
    "DM_SN_iPhone": "iPhone",
    "DM_SN_kiko_store_eva_uc": "EVA UC",
    "DM_SN_adyen": "Adyen",
    "DM_SN_kiko_store_software": "Software",
    "DM_SN_ipad": "iPad",
    "DM_SN_kiko_store_monitoring": "Monitoreo",
    "DM_SN_printer": "Impresora",
    "DM_SN_inquiry": "Consulta / Ayuda",
    "DM_SN_kiko_store_audio_video": "Audio/Video",
    "DM_SN_iphone": "iPhone",
    "DM_SN_database": "Base de datos",
    "DM_SN_eva": "EVA",
    "DM_SN_clientela": "Clientela",
    "DM_SN_software": "Software",
    "DM_SN_kiko_store_network_wifi_access_point": "Punto de acceso WiFi",
    "DM_SN_kiko_store_network_router": "Enrutador",
    "DM_SN_kiko_store_network_dati_fisso_bloccante": "Datos - Fijo - Bloqueante",
    "DM_SN_kiko_store_network_dati_fisso_nonbloccante": "Dato - Fijo - No BloqueanteAnomalía",
    "DM_SN_kiko_store_network_firewall": "Cortafuegos",
    "DM_SN_kiko_store_network_switch": "Interruptor",
    "DM_SN_kiko_store_sd_extra_activities_sd_callback_support_activity": "Actividad de soporte de devolución de llamada de SD",
    "DM_SN_kiko_store_hardware_drawer": "Cajón",
    "DM_SN_kiko_store_hardware_ipad": "iPad",
    "DM_SN_kiko_store_hardware_ipad_base_station": "Estación base de iPad",
    "DM_SN_kiko_store_hardware_iphone": "iPhone",
    "DM_SN_kiko_store_hardware_charging_station": "Estación de carga",
    "DM_SN_kiko_store_hardware_credit_card_terminals": "Terminales de tarjetas de crédito",
    "DM_SN_kiko_store_hardware_backoffice_pc_monitor": "Monitor de PC de backoffice",
    "DM_SN_kiko_store_hardware_other": "Otro",
    "DM_SN_kiko_store_hardware_landline_mobile_phone": "Teléfono fijoTeléfono móvil",
    "DM_SN_kiko_store_hardware_printer_bo": "Impresora BO",
    "DM_SN_kiko_store_hardware_pc_backoffice": "PC Backoffice",
    "DM_SN_kiko_store_hardware_barcode_reader": "Lector de códigos de barras",
    "DM_SN_kiko_store_hardware_people_counter": "Contador de personas",
    "DM_SN_kiko_store_hardware_ticket_printer": "Impresora de boletos",
    "DM_SN_kiko_store_hardware_toshiba_hp_till": "ToshibaHP Caja",
    "DM_SN_kiko_store_hardware_ups": "UPS",
    "DM_SN_kiko_store_negoziando_cash_desk_managent": "Gestión de caja",
    "DM_SN_kiko_store_negoziando_credential": "Credencial",
    "DM_SN_kiko_store_negoziando_loyalty": "Lealtad",
    "DM_SN_kiko_store_negoziando_item_price": "Precio del artículo",
    "DM_SN_kiko_store_negoziando_invoice_credit_note": "Factura/Nota de crédito",
    "DM_SN_kiko_store_negoziando_giftcard": "Tarjeta de regalo",
    "DM_SN_kiko_store_negoziando_closure": "Cierre",
    "DM_SN_kiko_store_negoziando_inventory": "Inventario",
    "DM_SN_kiko_store_negoziando_banking_money": "Banca Dinero",
    "DM_SN_kiko_store_negoziando_till_access": "Acceso hasta",
    "DM_SN_kiko_store_negoziando_vouchers": "Vales",
    "DM_SN_kiko_store_negoziando_returns": "Devoluciones",
    "DM_SN_kiko_store_negoziando_stock_receiving": "Inventario/Recepción",
    "DM_SN_kiko_store_negoziando_promo": "Promoción",
    "DM_SN_kiko_store_negoziando_report": "Informe",
    "DM_SN_kiko_store_ls_retail_invoice_credit_note": "Factura/nota de crédito",
    "DM_SN_kiko_store_ls_retail_returns": "Devoluciones",
    "DM_SN_kiko_store_ls_retail_cash_desk": "Gestión de caja",
    "DM_SN_kiko_store_ls_retail_item_price": "Precio del artículo",
    "DM_SN_kiko_store_ls_retail_credential": "Credencial",
    "DM_SN_kiko_store_ls_retail_loyalty": "Lealtad",
    "DM_SN_kiko_store_ls_retail_giftcard": "Tarjeta de regalo",
    "DM_SN_kiko_store_ls_retail_promo": "Promo",
    "DM_SN_kiko_store_ls_retail_vouchers": "Cupones",
    "DM_SN_kiko_store_ls_retail_safe_transfer": "Transferencia segura",
    "DM_SN_kiko_store_ls_retail_statement": "Declaración",
    "DM_SN_kiko_store_ls_retail_stock_management": "Gestión de inventario",
    "DM_SN_kiko_store_eva_uc_vouchers": "Vales",
    "DM_SN_kiko_store_eva_uc_stock_and_task_management": "Gestión de Inventario y Tareas",
    "DM_SN_kiko_store_eva_uc_returns": "Devoluciones",
    "DM_SN_kiko_store_eva_uc_customers_display_app": "Aplicación de Visualización de Clientes",
    "DM_SN_kiko_store_eva_uc_basket_transfer": "Transferencia de Canasta",
    "DM_SN_kiko_store_eva_uc_loyalty": "Lealtad",
    "DM_SN_kiko_store_eva_uc_pos_sales_app": "Aplicación de ventas POS",
    "DM_SN_kiko_store_eva_uc_giftcard": "Tarjeta de regalo",
    "DM_SN_kiko_store_eva_uc_power_bi": "PowerBI",
    "DM_SN_kiko_store_eva_uc_item_price_barcode": "Precio del artículo Código de barras",
    "DM_SN_kiko_store_eva_uc_promo": "Promoción",
    "DM_SN_kiko_store_software_personal_corporate_credentials": "Credenciales corporativas personales",
    "DM_SN_kiko_store_software_open_office": "Oficina Abierta",
    "DM_SN_kiko_store_software_windows": "Ventanas",
    "DM_SN_kiko_store_software_ilabels": "Etiquetas",
    "DM_SN_kiko_store_software_beKiko_login": "Inicio de sesión de BeKiko",
    "DM_SN_kiko_store_software_other": "Otro",
    "DM_SN_kiko_store_software_outlook _webmail": "Correo web de Outlook",
    "DM_SN_kiko_store_software_browser_navigation": "Navegador/Navegación",
    "DM_SN_kiko_store_monitoring_router_down": "Router caído",
    "DM_SN_kiko_store_monitoring_cpu_load": "Carga de CPU",
    "DM_SN_kiko_store_monitoring_till_ipad_iphone_offline": "Hasta Ipad Iphone sin conexión",
    "DM_SN_kiko_store_monitoring_internet_access": "Acceso a Internet",
    "DM_SN_kiko_store_monitoring_server_down": "Servidor caído",
    "DM_SN_kiko_store_monitoring_hard_disk_with_free": "Disco duro con < 2% libre",
    "DM_SN_kiko_store_audio_video_audio_amplifier": "Amplificador de audio",
    "DM_SN_kiko_store_audio_video_video_splitter": "Divisor de video",
    "DM_SN_kiko_store_audio_video_digital_windows": "Ventanas digitales",
    "DM_SN_kiko_store_audio_video_other": "Otro",
    "DM_SN_kiko_store_audio_video_thin_client": "Cliente ligero"
}