{
    "NTS_Back": "En arrière",
    "NTS_CapturePhoto": "Prendre une photo",
    "NTS_Created": "créé",
    "NTS_Description": "Description",
    "NTS_Device": "Appareil",
    "NTS_DoNotGoBack": "Ne revenez pas en arrière ou ne rafraîchissez pas la page.",
    "NTS_EnterTitle": "Entrez le titre",
    "NTS_ErrorDevices": "Erreur lors du chargement de 'Appareils'. Veuillez réessayer.",
    "NTS_ErrorLoading": "Erreur lors du chargement des données. Veuillez réessayer.",
    "NTS_InProgress": "En cours",
    "NTS_IssueDetails": "Détails de l'incident",
    "NTS_IssueLoadingData": "Problème de chargement des données",
    "NTS_Issues": "Problèmes",
    "NTS_MaxUploadSize": "Taille maximale de téléchargement de fichier : %.1f Mo.",
    "NTS_PleaseWaitLoading": "Veuillez patienter pendant le chargement...",
    "NTS_PullToRefresh": "Tirez vers le bas pour rafraîchir",
    "NTS_RecordVideo": "Enregistrer une vidéo",
    "NTS_SelectCategory": "Sélectionnez la catégorie",
    "NTS_SelectSubCategory": "Sélectionnez la sous-catégorie",
    "NTS_SelectDeviceType": "Sélectionner le type d'appareil*",
    "NTS_SelectImages": "Sélectionner des images",
    "NTS_SelectDevice": "Sélectionnez l'appareil",
    "NTS_FileExceedsSize": "Ce fichier dépasse la taille maximale de fichier de %.1f",
    "NTS_Title": "Titre",
    "NTS_UnableToLoadData": "Impossible de charger les données. Veuillez réessayer.",
    "NTS_Upload": "Télécharger",
    "NTS_AttachmentSingular": "Pièce jointe %lld",
    "NTS_AttachmentPlural": "%lld Pièces jointes",
    "NTS_AddDetails": "Ajouter des détails ici",
    "NTS_Category": "Catégorie",
    "NTS_ErrorCategory": "Erreur lors du chargement de 'Catégorie'. Veuillez réessayer.",
    "NTS_Retry": "Réessayer",
    "NTS_SelectAll": "Sélectionner tout",
    "NTS_StoreHealth": "Santé du magasin",
    "NTS_SubCategory": "Sous-catégorie*",
    "NTS_TicketNumber": "Billet #",
    "NTS_TicketID": "Identifiant du billet :",
    "NTS_Uploaded": "Téléchargé (%lld sur %lld)",
    "NTS_AddAttachment": "Ajouter une pièce jointe",
    "NTS_ErrorDeviceType": "Erreur lors du chargement de 'Type de périphérique'. Veuillez réessayer.",
    "NTS_ErrorSubmitting": "Erreur lors de la soumission du problème. Veuillez réessayer.",
    "NTS_New": "Nouveau",
    "NTS_NewIssue": "Nouvelle publication",
    "NTS_Ok": "D'accord",
    "NTS_Resolved": "Résolu",
    "NTS_Submit": "Soumettre",
    "NTS_UploadAttachment": "Télécharger la pièce jointe",
    "NTS_MaxFilesSelected": "Vous ne pouvez pas sélectionner plus de %lld fichiers à télécharger.",
    "DM_SN_kiko_store_network": "Réseau",
    "DM_SN_kiko_store_sd_extra_activities": "Activités supplémentaires SD",
    "DM_SN_kiko_store_hardware": "Matériel",
    "DM_SN_kiko_store_negoziando": "Négociant",
    "DM_SN_hardware": "Matériel",
    "DM_SN_kiko_store_ls_retail": "LS Retail",
    "DM_SN_network": "Réseau",
    "DM_SN_iPhone": "iPhone",
    "DM_SN_kiko_store_eva_uc": "EVA UC",
    "DM_SN_adyen": "Adyen",
    "DM_SN_kiko_store_software": "Logiciel",
    "DM_SN_ipad": "iPad",
    "DM_SN_kiko_store_monitoring": "Surveillance",
    "DM_SN_printer": "Imprimante",
    "DM_SN_inquiry": "Enquête / Aide",
    "DM_SN_kiko_store_audio_video": "Audio/vidéo",
    "DM_SN_iphone": "iPhone",
    "DM_SN_database": "Base de données",
    "DM_SN_eva": "EVA",
    "DM_SN_clientela": "Clientèle",
    "DM_SN_software": "Logiciel",
    "DM_SN_kiko_store_network_wifi_access_point": "Point d'accès WiFi",
    "DM_SN_kiko_store_network_router": "Routeur",
    "DM_SN_kiko_store_network_dati_fisso_bloccante": "Données - Fixe - Bloquant",
    "DM_SN_kiko_store_network_dati_fisso_nonbloccante": "Données - Fixe - Non bloquant - Anomalie",
    "DM_SN_kiko_store_network_firewall": "Firewall",
    "DM_SN_kiko_store_network_switch": "Commute",
    "DM_SN_kiko_store_sd_extra_activities_sd_callback_support_activity": "Activité de support de rappel SD",
    "DM_SN_kiko_store_hardware_drawer": "Tiroir",
    "DM_SN_kiko_store_hardware_ipad": "iPad",
    "DM_SN_kiko_store_hardware_ipad_base_station": "Station de base iPad",
    "DM_SN_kiko_store_hardware_iphone": "Iphone",
    "DM_SN_kiko_store_hardware_charging_station": "Station de recharge",
    "DM_SN_kiko_store_hardware_credit_card_terminals": "Terminaux de cartes de crédit",
    "DM_SN_kiko_store_hardware_backoffice_pc_monitor": "Moniteur PC de bureau",
    "DM_SN_kiko_store_hardware_other": "Autre",
    "DM_SN_kiko_store_hardware_landline_mobile_phone": "Téléphone fixeTéléphone portable",
    "DM_SN_kiko_store_hardware_printer_bo": "Imprimante BO",
    "DM_SN_kiko_store_hardware_pc_backoffice": "PC Backoffice",
    "DM_SN_kiko_store_hardware_barcode_reader": "Lecteur de code-barres",
    "DM_SN_kiko_store_hardware_people_counter": "Compteur de personnes",
    "DM_SN_kiko_store_hardware_ticket_printer": "Imprimante de billets",
    "DM_SN_kiko_store_hardware_toshiba_hp_till": "ToshibaHP Caisses",
    "DM_SN_kiko_store_hardware_ups": "UPS",
    "DM_SN_kiko_store_negoziando_cash_desk_managent": "Gestion de la caisse",
    "DM_SN_kiko_store_negoziando_credential": "Crédential",
    "DM_SN_kiko_store_negoziando_loyalty": "Loyauté",
    "DM_SN_kiko_store_negoziando_item_price": "Prix de l'article",
    "DM_SN_kiko_store_negoziando_invoice_credit_note": "Facture/Note de crédit",
    "DM_SN_kiko_store_negoziando_giftcard": "Carte-cadeau",
    "DM_SN_kiko_store_negoziando_closure": "Fermeture",
    "DM_SN_kiko_store_negoziando_inventory": "Inventaire",
    "DM_SN_kiko_store_negoziando_banking_money": "Argent bancaire",
    "DM_SN_kiko_store_negoziando_till_access": "Accès jusqu'à",
    "DM_SN_kiko_store_negoziando_vouchers": "Bons de réduction",
    "DM_SN_kiko_store_negoziando_returns": "Retours",
    "DM_SN_kiko_store_negoziando_stock_receiving": "Stock/Réception",
    "DM_SN_kiko_store_negoziando_promo": "Promotion",
    "DM_SN_kiko_store_negoziando_report": "Rapport",
    "DM_SN_kiko_store_ls_retail_invoice_credit_note": "Facture/Note de crédit",
    "DM_SN_kiko_store_ls_retail_returns": "Retours",
    "DM_SN_kiko_store_ls_retail_cash_desk": "Gestion de la caisse",
    "DM_SN_kiko_store_ls_retail_item_price": "Prix de l'article",
    "DM_SN_kiko_store_ls_retail_credential": "Crédential",
    "DM_SN_kiko_store_ls_retail_loyalty": "Loyauté",
    "DM_SN_kiko_store_ls_retail_giftcard": "Carte-cadeau",
    "DM_SN_kiko_store_ls_retail_promo": "Promotion",
    "DM_SN_kiko_store_ls_retail_vouchers": "Bons de réduction",
    "DM_SN_kiko_store_ls_retail_safe_transfer": "Transfert sécurisé",
    "DM_SN_kiko_store_ls_retail_statement": "Déclaration",
    "DM_SN_kiko_store_ls_retail_stock_management": "Gestion des stocks",
    "DM_SN_kiko_store_eva_uc_vouchers": "Bons de réduction",
    "DM_SN_kiko_store_eva_uc_stock_and_task_management": "Gestion des stocks et des tâches",
    "DM_SN_kiko_store_eva_uc_returns": "Retours",
    "DM_SN_kiko_store_eva_uc_customers_display_app": "Application d'affichage des clients",
    "DM_SN_kiko_store_eva_uc_basket_transfer": "Transfert de panier",
    "DM_SN_kiko_store_eva_uc_loyalty": "Loyauté",
    "DM_SN_kiko_store_eva_uc_pos_sales_app": "Application de vente POS",
    "DM_SN_kiko_store_eva_uc_giftcard": "Carte-cadeau",
    "DM_SN_kiko_store_eva_uc_power_bi": "PowerBI",
    "DM_SN_kiko_store_eva_uc_item_price_barcode": "Prix de l'article Code-barres",
    "DM_SN_kiko_store_eva_uc_promo": "Promotion",
    "DM_SN_kiko_store_software_personal_corporate_credentials": "Identifiants personnels de l'entreprise",
    "DM_SN_kiko_store_software_open_office": "Bureau ouvert",
    "DM_SN_kiko_store_software_windows": "Fenêtres",
    "DM_SN_kiko_store_software_ilabels": "Ilabels",
    "DM_SN_kiko_store_software_beKiko_login": "Connexion BeKiko",
    "DM_SN_kiko_store_software_other": "Autre",
    "DM_SN_kiko_store_software_outlook _webmail": "Outlook WebMail",
    "DM_SN_kiko_store_software_browser_navigation": "Navigateur/Navigation",
    "DM_SN_kiko_store_monitoring_router_down": "Routeur hors service",
    "DM_SN_kiko_store_monitoring_cpu_load": "Charge du processeur",
    "DM_SN_kiko_store_monitoring_till_ipad_iphone_offline": "TillIpadIphone hors ligne",
    "DM_SN_kiko_store_monitoring_internet_access": "Accès à Internet",
    "DM_SN_kiko_store_monitoring_server_down": "Serveur hors service",
    "DM_SN_kiko_store_monitoring_hard_disk_with_free": "Disque dur avec < 2% libre",
    "DM_SN_kiko_store_audio_video_audio_amplifier": "Amplificateur audio",
    "DM_SN_kiko_store_audio_video_video_splitter": "Diviseur vidéo",
    "DM_SN_kiko_store_audio_video_digital_windows": "Fenêtres numériques",
    "DM_SN_kiko_store_audio_video_other": "Autre",
    "DM_SN_kiko_store_audio_video_thin_client": "Client léger"
}