{
    "NTS_Back": "Indietro",
    "NTS_CapturePhoto": "Cattura Foto",
    "NTS_Created": "creato",
    "NTS_Description": "Descrizione",
    "NTS_Device": "Dispositivo",
    "NTS_DoNotGoBack": "Non tornare indietro o aggiornare la pagina.",
    "NTS_EnterTitle": "Inserisci il titolo",
    "NTS_ErrorDevices": "Errore durante il caricamento di 'Dispositivi'. Si prega di riprovare.",
    "NTS_ErrorLoading": "Errore durante il caricamento dei dati. Si prega di riprovare.",
    "NTS_InProgress": "In corso",
    "NTS_IssueDetails": "Dettagli dell'argomento",
    "NTS_IssueLoadingData": "Problema nel caricare i dati",
    "NTS_Issues": "Questioni",
    "NTS_MaxUploadSize": "Dimensione massima di caricamento file: %.1f MB.",
    "NTS_PleaseWaitLoading": "Si prega di attendere mentre sta caricando...",
    "NTS_PullToRefresh": "Trascina verso il basso per aggiornare",
    "NTS_RecordVideo": "Registra video",
    "NTS_SelectCategory": "Seleziona la categoria",
    "NTS_SelectSubCategory": "Seleziona la sottocategoria",
    "NTS_SelectDeviceType": "Seleziona il tipo di dispositivo*",
    "NTS_SelectImages": "Seleziona immagini",
    "NTS_SelectDevice": "Seleziona il dispositivo",
    "NTS_FileExceedsSize": "Questo file supera la dimensione massima del file di %.1f",
    "NTS_Title": "Titolo",
    "NTS_UnableToLoadData": "Impossibile caricare i dati. Si prega di riprovare.",
    "NTS_Upload": "Caricare",
    "NTS_AttachmentSingular": "%lld Allegato",
    "NTS_AttachmentPlural": "Allegati %lld",
    "NTS_AddDetails": "Aggiungi i dettagli qui",
    "NTS_Category": "Categoria",
    "NTS_ErrorCategory": "Errore durante il caricamento di 'Categoria'. Si prega di riprovare.",
    "NTS_Retry": "Riprova",
    "NTS_SelectAll": "Seleziona Tutto",
    "NTS_StoreHealth": "Salute del negozio",
    "NTS_SubCategory": "Sottocategoria",
    "NTS_TicketNumber": "Biglietto #",
    "NTS_TicketID": "ID del biglietto:",
    "NTS_Uploaded": "Caricato (%lld su %lld)",
    "NTS_AddAttachment": "Aggiungi allegato",
    "NTS_ErrorDeviceType": "Errore durante il caricamento di 'Tipo di dispositivo'. Si prega di riprovare.",
    "NTS_ErrorSubmitting": "Errore durante l'invio della segnalazione. Si prega di riprovare.",
    "NTS_New": "Nuovo",
    "NTS_NewIssue": "Nuova Edizione",
    "NTS_Ok": "Ok",
    "NTS_Resolved": "Risolto",
    "NTS_Submit": "Inviare",
    "NTS_UploadAttachment": "Carica allegato",
    "NTS_MaxFilesSelected": "Non puoi selezionare più di %lld file da caricare.",
    "DM_SN_kiko_store_network": "Rete",
    "DM_SN_kiko_store_sd_extra_activities": "Attività extra SD",
    "DM_SN_kiko_store_hardware": "Hardware",
    "DM_SN_kiko_store_negoziando": "Bartering",
    "DM_SN_hardware": "Hardware",
    "DM_SN_kiko_store_ls_retail": "LS Retail",
    "DM_SN_network": "Rete",
    "DM_SN_iPhone": "iPhone",
    "DM_SN_kiko_store_eva_uc": "EVA UC",
    "DM_SN_adyen": "Adyen",
    "DM_SN_kiko_store_software": "Software",
    "DM_SN_ipad": "iPad",
    "DM_SN_kiko_store_monitoring": "Monitoraggio",
    "DM_SN_printer": "Stampante",
    "DM_SN_inquiry": "Indagine / Aiuto",
    "DM_SN_kiko_store_audio_video": "Audio/Video",
    "DM_SN_iphone": "iPhone",
    "DM_SN_database": "Database",
    "DM_SN_eva": "EVA",
    "DM_SN_clientela": "Clientela",
    "DM_SN_software": "Software",
    "DM_SN_kiko_store_network_wifi_access_point": "Punto di accesso WiFi",
    "DM_SN_kiko_store_network_router": "Router",
    "DM_SN_kiko_store_network_dati_fisso_bloccante": "Data - Fisso - Bloccante",
    "DM_SN_kiko_store_network_dati_fisso_nonbloccante": "Data - Fixed - Non bloccante - Anomalia",
    "DM_SN_kiko_store_network_firewall": "Firewall",
    "DM_SN_kiko_store_network_switch": "Interruttore",
    "DM_SN_kiko_store_sd_extra_activities_sd_callback_support_activity": "Attività di supporto richiamata SD",
    "DM_SN_kiko_store_hardware_drawer": "Cassetto",
    "DM_SN_kiko_store_hardware_ipad": "Ipad",
    "DM_SN_kiko_store_hardware_ipad_base_station": "Stazione di base per iPad",
    "DM_SN_kiko_store_hardware_iphone": "iPhone",
    "DM_SN_kiko_store_hardware_charging_station": "Stazione di ricarica",
    "DM_SN_kiko_store_hardware_credit_card_terminals": "Terminali per carte di credito",
    "DM_SN_kiko_store_hardware_backoffice_pc_monitor": "Monitor del PC del backoffice",
    "DM_SN_kiko_store_hardware_other": "Altro",
    "DM_SN_kiko_store_hardware_landline_mobile_phone": "Telefono fissoTelefono cellulare",
    "DM_SN_kiko_store_hardware_printer_bo": "Stampante BO",
    "DM_SN_kiko_store_hardware_pc_backoffice": "PC Backoffice",
    "DM_SN_kiko_store_hardware_barcode_reader": "Lettore di codici a barre",
    "DM_SN_kiko_store_hardware_people_counter": "Contatore di persone",
    "DM_SN_kiko_store_hardware_ticket_printer": "Stampante per biglietti",
    "DM_SN_kiko_store_hardware_toshiba_hp_till": "ToshibaHP Cassa",
    "DM_SN_kiko_store_hardware_ups": "UPS",
    "DM_SN_kiko_store_negoziando_cash_desk_managent": "Gestione della cassa",
    "DM_SN_kiko_store_negoziando_credential": "Credenziale",
    "DM_SN_kiko_store_negoziando_loyalty": "Fedeltà",
    "DM_SN_kiko_store_negoziando_item_price": "Prezzo dell'articolo",
    "DM_SN_kiko_store_negoziando_invoice_credit_note": "Fattura/Nota di credito",
    "DM_SN_kiko_store_negoziando_giftcard": "Buono regalo",
    "DM_SN_kiko_store_negoziando_closure": "Chiusura",
    "DM_SN_kiko_store_negoziando_inventory": "Inventario",
    "DM_SN_kiko_store_negoziando_banking_money": "Denaro bancario",
    "DM_SN_kiko_store_negoziando_till_access": "Accesso temporaneo",
    "DM_SN_kiko_store_negoziando_vouchers": "Buoni",
    "DM_SN_kiko_store_negoziando_returns": "Resi",
    "DM_SN_kiko_store_negoziando_stock_receiving": "Magazzino/Ricevimento",
    "DM_SN_kiko_store_negoziando_promo": "Promozione",
    "DM_SN_kiko_store_negoziando_report": "Rapporto",
    "DM_SN_kiko_store_ls_retail_invoice_credit_note": "Fattura/Nota di credito",
    "DM_SN_kiko_store_ls_retail_returns": "Resi",
    "DM_SN_kiko_store_ls_retail_cash_desk": "Gestione della cassa",
    "DM_SN_kiko_store_ls_retail_item_price": "Prezzo dell'articolo",
    "DM_SN_kiko_store_ls_retail_credential": "Credenziale",
    "DM_SN_kiko_store_ls_retail_loyalty": "Lealtà",
    "DM_SN_kiko_store_ls_retail_giftcard": "Buono regalo",
    "DM_SN_kiko_store_ls_retail_promo": "Promo",
    "DM_SN_kiko_store_ls_retail_vouchers": "Buoni",
    "DM_SN_kiko_store_ls_retail_safe_transfer": "Trasferimento sicuro",
    "DM_SN_kiko_store_ls_retail_statement": "Dichiarazione",
    "DM_SN_kiko_store_ls_retail_stock_management": "Gestione delle scorte",
    "DM_SN_kiko_store_eva_uc_vouchers": "Buoni",
    "DM_SN_kiko_store_eva_uc_stock_and_task_management": "Gestione delle scorte e delle attività.",
    "DM_SN_kiko_store_eva_uc_returns": "Resi",
    "DM_SN_kiko_store_eva_uc_customers_display_app": "App Visualizzazione Clienti",
    "DM_SN_kiko_store_eva_uc_basket_transfer": "Trasferimento di basket",
    "DM_SN_kiko_store_eva_uc_loyalty": "Fedeltà",
    "DM_SN_kiko_store_eva_uc_pos_sales_app": "App di vendite POS",
    "DM_SN_kiko_store_eva_uc_giftcard": "Buono regalo",
    "DM_SN_kiko_store_eva_uc_power_bi": "PowerBI",
    "DM_SN_kiko_store_eva_uc_item_price_barcode": "Prezzo dell'articolo Codice a barre",
    "DM_SN_kiko_store_eva_uc_promo": "Promozione",
    "DM_SN_kiko_store_software_personal_corporate_credentials": "Credenziali aziendali personali",
    "DM_SN_kiko_store_software_open_office": "Ufficio Aperto",
    "DM_SN_kiko_store_software_windows": "Finestre",
    "DM_SN_kiko_store_software_ilabels": "Ilabels",
    "DM_SN_kiko_store_software_beKiko_login": "Accesso BeKiko",
    "DM_SN_kiko_store_software_other": "Altro",
    "DM_SN_kiko_store_software_outlook _webmail": "Outlook WebMail",
    "DM_SN_kiko_store_software_browser_navigation": "Browser/Navigazione",
    "DM_SN_kiko_store_monitoring_router_down": "Router non funzionante",
    "DM_SN_kiko_store_monitoring_cpu_load": "Carico della CPU",
    "DM_SN_kiko_store_monitoring_till_ipad_iphone_offline": "Fino a quando l'iPad e l'iPhone sono offline.",
    "DM_SN_kiko_store_monitoring_internet_access": "Accesso a Internet",
    "DM_SN_kiko_store_monitoring_server_down": "Server inattivo",
    "DM_SN_kiko_store_monitoring_hard_disk_with_free": "Disco rigido con < 2% libero",
    "DM_SN_kiko_store_audio_video_audio_amplifier": "Amplificatore audio",
    "DM_SN_kiko_store_audio_video_video_splitter": "Divisore video",
    "DM_SN_kiko_store_audio_video_digital_windows": "Finestre digitali",
    "DM_SN_kiko_store_audio_video_other": "Altro",
    "DM_SN_kiko_store_audio_video_thin_client": "Client leggero"
}