{
    "NTS_Back": "Terug",
    "NTS_CapturePhoto": "Maak foto",
    "NTS_Created": "gemaakt.",
    "NTS_Description": "Beschrijving",
    "NTS_Device": "Apparaat",
    "NTS_DoNotGoBack": "Ga niet terug of vernieuw de pagina niet.",
    "NTS_EnterTitle": "Voer de titel in",
    "NTS_ErrorDevices": "Fout bij het laden van 'Apparaten.' Probeer opnieuw.",
    "NTS_ErrorLoading": "Fout bij het laden van gegevens. Probeer opnieuw.",
    "NTS_InProgress": "Bezig",
    "NTS_IssueDetails": "Probleemgegevens",
    "NTS_IssueLoadingData": "Probleem met het laden van de gegevens",
    "NTS_Issues": "Problemen",
    "NTS_MaxUploadSize": "Maximale bestandsgrootte voor upload: %.1f MB.",
    "NTS_PleaseWaitLoading": "Wacht even terwijl het laadt...",
    "NTS_PullToRefresh": "Trek omlaag om te vernieuwen",
    "NTS_RecordVideo": "Neem video op.",
    "NTS_SelectCategory": "Selecteer de categorie.",
    "NTS_SelectSubCategory": "Selecteer de subcategorie.",
    "NTS_SelectDeviceType": "Selecteer apparaattype*",
    "NTS_SelectImages": "Selecteer Afbeeldingen",
    "NTS_SelectDevice": "Selecteer het apparaat.",
    "NTS_FileExceedsSize": "Dit bestand overschrijdt de maximale bestandsgrootte van %.1f",
    "NTS_Title": "Titel",
    "NTS_UnableToLoadData": "Kan gegevens niet laden. Probeer opnieuw.",
    "NTS_Upload": "Upload",
    "NTS_AttachmentSingular": "%lld Bijlage",
    "NTS_AttachmentPlural": "%lld Bijlagen",
    "NTS_AddDetails": "Voeg hier details toe",
    "NTS_Category": "Categorie",
    "NTS_ErrorCategory": "Fout bij het laden van 'Categorie'. Probeer opnieuw.",
    "NTS_Retry": "Opnieuw proberen",
    "NTS_SelectAll": "Selecteer alles",
    "NTS_StoreHealth": "Winkelgezondheid",
    "NTS_SubCategory": "Subcategorie",
    "NTS_TicketNumber": "Ticket #",
    "NTS_TicketID": "Ticket ID:",
    "NTS_Uploaded": "Geüpload (%lld van %lld)",
    "NTS_AddAttachment": "Voeg bijlage toe",
    "NTS_ErrorDeviceType": "Fout bij het laden van 'Apparaattype'. Probeer opnieuw.",
    "NTS_ErrorSubmitting": "Fout bij het indienen van het probleem. Probeer opnieuw.",
    "NTS_New": "Nieuw",
    "NTS_NewIssue": "Nieuwe Uitgave",
    "NTS_Ok": "Ok",
    "NTS_Resolved": "Opgelost",
    "NTS_Submit": "Indienen",
    "NTS_UploadAttachment": "Upload Bijlage",
    "NTS_MaxFilesSelected": "Je kunt niet meer dan %lld bestanden selecteren om te uploaden.",
    "DM_SN_kiko_store_network": "Netwerk",
    "DM_SN_kiko_store_sd_extra_activities": "SD Extra Activiteiten",
    "DM_SN_kiko_store_hardware": "Hardware",
    "DM_SN_kiko_store_negoziando": "Onderhandelen",
    "DM_SN_hardware": "Hardware",
    "DM_SN_kiko_store_ls_retail": "LS Retail",
    "DM_SN_network": "Netwerk",
    "DM_SN_iPhone": "iPhone",
    "DM_SN_kiko_store_eva_uc": "EVA UC",
    "DM_SN_adyen": "Adyen",
    "DM_SN_kiko_store_software": "Software",
    "DM_SN_ipad": "iPad",
    "DM_SN_kiko_store_monitoring": "Monitoring",
    "DM_SN_printer": "Printer",
    "DM_SN_inquiry": "Onderzoek / Hulp",
    "DM_SN_kiko_store_audio_video": "Audio/Video",
    "DM_SN_iphone": "iPhone",
    "DM_SN_database": "Database",
    "DM_SN_eva": "EVA",
    "DM_SN_clientela": "Clientèle",
    "DM_SN_software": "Software",
    "DM_SN_kiko_store_network_wifi_access_point": "WiFi toegangspunt",
    "DM_SN_kiko_store_network_router": "Router",
    "DM_SN_kiko_store_network_dati_fisso_bloccante": "Gegevens - Vast - Blokkerend",
    "DM_SN_kiko_store_network_dati_fisso_nonbloccante": "Gegevens - Vast - Niet-blokkerend - Afwijking",
    "DM_SN_kiko_store_network_firewall": "Firewall",
    "DM_SN_kiko_store_network_switch": "Schakelen",
    "DM_SN_kiko_store_sd_extra_activities_sd_callback_support_activity": "Terugbelfunctie voor ondersteuningsactiviteit",
    "DM_SN_kiko_store_hardware_drawer": "Lade",
    "DM_SN_kiko_store_hardware_ipad": "Ipad",
    "DM_SN_kiko_store_hardware_ipad_base_station": "Ipad Basisstation",
    "DM_SN_kiko_store_hardware_iphone": "iPhone",
    "DM_SN_kiko_store_hardware_charging_station": "Oplaadstation",
    "DM_SN_kiko_store_hardware_credit_card_terminals": "Creditcardterminals",
    "DM_SN_kiko_store_hardware_backoffice_pc_monitor": "Backoffice PC Monitor",
    "DM_SN_kiko_store_hardware_other": "Andere",
    "DM_SN_kiko_store_hardware_landline_mobile_phone": "Vaste lijnMobiele telefoon",
    "DM_SN_kiko_store_hardware_printer_bo": "Printer BO",
    "DM_SN_kiko_store_hardware_pc_backoffice": "PC Backoffice",
    "DM_SN_kiko_store_hardware_barcode_reader": "Barcodelezer",
    "DM_SN_kiko_store_hardware_people_counter": "Mensen Teller",
    "DM_SN_kiko_store_hardware_ticket_printer": "Ticketprinter",
    "DM_SN_kiko_store_hardware_toshiba_hp_till": "ToshibaHP Kassa",
    "DM_SN_kiko_store_hardware_ups": "UPS",
    "DM_SN_kiko_store_negoziando_cash_desk_managent": "Kassa Beheer",
    "DM_SN_kiko_store_negoziando_credential": "Referentie",
    "DM_SN_kiko_store_negoziando_loyalty": "Loyaliteit",
    "DM_SN_kiko_store_negoziando_item_price": "Artikel Prijs",
    "DM_SN_kiko_store_negoziando_invoice_credit_note": "Factuur/Kredietnota",
    "DM_SN_kiko_store_negoziando_giftcard": "Cadeaubon",
    "DM_SN_kiko_store_negoziando_closure": "Afsluiting",
    "DM_SN_kiko_store_negoziando_inventory": "Inventaris",
    "DM_SN_kiko_store_negoziando_banking_money": "Bankieren Geld",
    "DM_SN_kiko_store_negoziando_till_access": "Tot toegang",
    "DM_SN_kiko_store_negoziando_vouchers": "Vouchers",
    "DM_SN_kiko_store_negoziando_returns": "Retouren",
    "DM_SN_kiko_store_negoziando_stock_receiving": "Voorraad/Ontvangst",
    "DM_SN_kiko_store_negoziando_promo": "Promo",
    "DM_SN_kiko_store_negoziando_report": "Verslag",
    "DM_SN_kiko_store_ls_retail_invoice_credit_note": "Factuur/Kredietnota",
    "DM_SN_kiko_store_ls_retail_returns": "Retouren",
    "DM_SN_kiko_store_ls_retail_cash_desk": "Kassa Beheer",
    "DM_SN_kiko_store_ls_retail_item_price": "Item prijs",
    "DM_SN_kiko_store_ls_retail_credential": "Referentie",
    "DM_SN_kiko_store_ls_retail_loyalty": "Loyaliteit",
    "DM_SN_kiko_store_ls_retail_giftcard": "Cadeaubon",
    "DM_SN_kiko_store_ls_retail_promo": "Promo",
    "DM_SN_kiko_store_ls_retail_vouchers": "Vouchers",
    "DM_SN_kiko_store_ls_retail_safe_transfer": "Veilige Overdracht",
    "DM_SN_kiko_store_ls_retail_statement": "Verklaring",
    "DM_SN_kiko_store_ls_retail_stock_management": "Voorraadbeheer",
    "DM_SN_kiko_store_eva_uc_vouchers": "Vouchers",
    "DM_SN_kiko_store_eva_uc_stock_and_task_management": "Voorraad- en Taakbeheer",
    "DM_SN_kiko_store_eva_uc_returns": "Retourneren",
    "DM_SN_kiko_store_eva_uc_customers_display_app": "Klantenweergave-app",
    "DM_SN_kiko_store_eva_uc_basket_transfer": "Basket Transfer\n\nKorf Transfer",
    "DM_SN_kiko_store_eva_uc_loyalty": "Loyaliteit",
    "DM_SN_kiko_store_eva_uc_pos_sales_app": "POS Verkoop APP",
    "DM_SN_kiko_store_eva_uc_giftcard": "Cadeaubon",
    "DM_SN_kiko_store_eva_uc_power_bi": "PowerBI",
    "DM_SN_kiko_store_eva_uc_item_price_barcode": "Item Prijs Streepjescode",
    "DM_SN_kiko_store_eva_uc_promo": "Promo",
    "DM_SN_kiko_store_software_personal_corporate_credentials": "Persoonlijke Bedrijfsreferenties",
    "DM_SN_kiko_store_software_open_office": "Open Kantoor",
    "DM_SN_kiko_store_software_windows": "Windows",
    "DM_SN_kiko_store_software_ilabels": "Ilabels",
    "DM_SN_kiko_store_software_beKiko_login": "BeKiko Inloggen",
    "DM_SN_kiko_store_software_other": "Andere",
    "DM_SN_kiko_store_software_outlook _webmail": "Outlook WebMail",
    "DM_SN_kiko_store_software_browser_navigation": "Browser/Navigatie",
    "DM_SN_kiko_store_monitoring_router_down": "Router uitgeschakeld",
    "DM_SN_kiko_store_monitoring_cpu_load": "Cpu Belasting",
    "DM_SN_kiko_store_monitoring_till_ipad_iphone_offline": "Tot Ipad Iphone offline",
    "DM_SN_kiko_store_monitoring_internet_access": "Toegang tot internet",
    "DM_SN_kiko_store_monitoring_server_down": "Server Offline",
    "DM_SN_kiko_store_monitoring_hard_disk_with_free": "Harde schijf met < 2% vrije ruimte",
    "DM_SN_kiko_store_audio_video_audio_amplifier": "Audio versterker",
    "DM_SN_kiko_store_audio_video_video_splitter": "Videodeler",
    "DM_SN_kiko_store_audio_video_digital_windows": "Digitale ramen",
    "DM_SN_kiko_store_audio_video_other": "Andere",
    "DM_SN_kiko_store_audio_video_thin_client": "Dunne client"
}