{
    "NTS_Back": "De volta",
    "NTS_CapturePhoto": "Capturar Foto",
    "NTS_Created": "criado.",
    "NTS_Description": "Descrição",
    "NTS_Device": "Dispositivo",
    "NTS_DoNotGoBack": "Não volte ou atualize a página.",
    "NTS_EnterTitle": "Insira o Título",
    "NTS_ErrorDevices": "Erro ao carregar 'Dispositivos'. Por favor, tente novamente.",
    "NTS_ErrorLoading": "Erro ao carregar os dados. Por favor, tente novamente.",
    "NTS_InProgress": "Em progresso",
    "NTS_IssueDetails": "Detalhes do problema",
    "NTS_IssueLoadingData": "Problema ao carregar os dados",
    "NTS_Issues": "Problemas",
    "NTS_MaxUploadSize": "Tamanho máximo de upload de arquivo: %.1f MB.",
    "NTS_PleaseWaitLoading": "Por favor, aguarde enquanto está carregando...",
    "NTS_PullToRefresh": "Puxe para baixo para atualizar.",
    "NTS_RecordVideo": "Gravar vídeo",
    "NTS_SelectCategory": "Selecionar a categoria",
    "NTS_SelectSubCategory": "Selecionar a subcategoria",
    "NTS_SelectDeviceType": "Selecione o Tipo de Dispositivo*",
    "NTS_SelectImages": "Selecionar Imagens",
    "NTS_SelectDevice": "Selecione o dispositivo",
    "NTS_FileExceedsSize": "Este arquivo excede o tamanho máximo de arquivo de %.1f",
    "NTS_Title": "Título",
    "NTS_UnableToLoadData": "Não é possível carregar os dados. Por favor, tente novamente.",
    "NTS_Upload": "Carregar",
    "NTS_AttachmentSingular": "%lld Anexo",
    "NTS_AttachmentPlural": "%lld Anexos",
    "NTS_AddDetails": "Adicione detalhes aqui",
    "NTS_Category": "Categoria",
    "NTS_ErrorCategory": "Erro ao carregar 'Categoria'. Por favor, tente novamente.",
    "NTS_Retry": "Tentar novamente",
    "NTS_SelectAll": "Selecionar Tudo",
    "NTS_StoreHealth": "Saúde da loja",
    "NTS_SubCategory": "Subcategoria",
    "NTS_TicketNumber": "Bilhete #",
    "NTS_TicketID": "ID do bilhete:",
    "NTS_Uploaded": "Carregado (%lld de %lld)",
    "NTS_AddAttachment": "Adicionar Anexo",
    "NTS_ErrorDeviceType": "Erro ao carregar 'Tipo de Dispositivo'. Por favor, tente novamente.",
    "NTS_ErrorSubmitting": "Erro ao enviar o problema. Por favor, tente novamente.",
    "NTS_New": "Novo",
    "NTS_NewIssue": "Nova Edição",
    "NTS_Ok": "Ok.",
    "NTS_Resolved": "Resolvido",
    "NTS_Submit": "Enviar",
    "NTS_UploadAttachment": "Anexar Arquivo",
    "NTS_MaxFilesSelected": "Você não pode selecionar mais de %lld arquivos para enviar.",
    "DM_SN_kiko_store_network": "Rede",
    "DM_SN_kiko_store_sd_extra_activities": "Atividades Extra SD",
    "DM_SN_kiko_store_hardware": "Hardware",
    "DM_SN_kiko_store_negoziando": "Negociando",
    "DM_SN_hardware": "Hardware",
    "DM_SN_kiko_store_ls_retail": "LS Retail",
    "DM_SN_network": "Rede",
    "DM_SN_iPhone": "iPhone",
    "DM_SN_kiko_store_eva_uc": "EVA UC",
    "DM_SN_adyen": "Adyen",
    "DM_SN_kiko_store_software": "Software",
    "DM_SN_ipad": "iPad",
    "DM_SN_kiko_store_monitoring": "Monitoramento",
    "DM_SN_printer": "Impressora",
    "DM_SN_inquiry": "Inquérito / Ajuda",
    "DM_SN_kiko_store_audio_video": "Áudio/Vídeo",
    "DM_SN_iphone": "iPhone",
    "DM_SN_database": "Base de dados",
    "DM_SN_eva": "EVA",
    "DM_SN_clientela": "Clientela",
    "DM_SN_software": "Software",
    "DM_SN_kiko_store_network_wifi_access_point": "Ponto de Acesso WiFi",
    "DM_SN_kiko_store_network_router": "Roteador",
    "DM_SN_kiko_store_network_dati_fisso_bloccante": "Dati - Fixo - Bloqueador",
    "DM_SN_kiko_store_network_dati_fisso_nonbloccante": "Dati - Fixo - Não BloqueanteAnomalia",
    "DM_SN_kiko_store_network_firewall": "Firewall",
    "DM_SN_kiko_store_network_switch": "Interruptor",
    "DM_SN_kiko_store_sd_extra_activities_sd_callback_support_activity": "Atividade de Suporte de Retorno de Chamada SD",
    "DM_SN_kiko_store_hardware_drawer": "Gaveta",
    "DM_SN_kiko_store_hardware_ipad": "iPad",
    "DM_SN_kiko_store_hardware_ipad_base_station": "Estação Base do iPad",
    "DM_SN_kiko_store_hardware_iphone": "Iphone",
    "DM_SN_kiko_store_hardware_charging_station": "Estação de Carregamento",
    "DM_SN_kiko_store_hardware_credit_card_terminals": "Terminais de cartão de crédito",
    "DM_SN_kiko_store_hardware_backoffice_pc_monitor": "Monitor de PC para backoffice",
    "DM_SN_kiko_store_hardware_other": "Outro",
    "DM_SN_kiko_store_hardware_landline_mobile_phone": "Telefone fixoTelefone celular",
    "DM_SN_kiko_store_hardware_printer_bo": "Impressora BO",
    "DM_SN_kiko_store_hardware_pc_backoffice": "PC Backoffice",
    "DM_SN_kiko_store_hardware_barcode_reader": "Leitor de código de barras",
    "DM_SN_kiko_store_hardware_people_counter": "Contador de Pessoas",
    "DM_SN_kiko_store_hardware_ticket_printer": "Impressora de ingressos",
    "DM_SN_kiko_store_hardware_toshiba_hp_till": "ToshibaHP Caixa",
    "DM_SN_kiko_store_hardware_ups": "UPS",
    "DM_SN_kiko_store_negoziando_cash_desk_managent": "Gestão de Caixa",
    "DM_SN_kiko_store_negoziando_credential": "Credencial",
    "DM_SN_kiko_store_negoziando_loyalty": "Lealdade",
    "DM_SN_kiko_store_negoziando_item_price": "Preço do item",
    "DM_SN_kiko_store_negoziando_invoice_credit_note": "Fatura/Nota de crédito",
    "DM_SN_kiko_store_negoziando_giftcard": "Vale-presente",
    "DM_SN_kiko_store_negoziando_closure": "Encerramento",
    "DM_SN_kiko_store_negoziando_inventory": "Inventário",
    "DM_SN_kiko_store_negoziando_banking_money": "Dinheiro Bancário",
    "DM_SN_kiko_store_negoziando_till_access": "Até o acesso",
    "DM_SN_kiko_store_negoziando_vouchers": "Vales",
    "DM_SN_kiko_store_negoziando_returns": "Retornos",
    "DM_SN_kiko_store_negoziando_stock_receiving": "Stock/Receiving\n\nEstoque/Recebimento",
    "DM_SN_kiko_store_negoziando_promo": "Promo",
    "DM_SN_kiko_store_negoziando_report": "Relatório",
    "DM_SN_kiko_store_ls_retail_invoice_credit_note": "Fatura/Nota de crédito",
    "DM_SN_kiko_store_ls_retail_returns": "Retornos",
    "DM_SN_kiko_store_ls_retail_cash_desk": "Gestão de Caixa",
    "DM_SN_kiko_store_ls_retail_item_price": "Preço do item",
    "DM_SN_kiko_store_ls_retail_credential": "Credencial",
    "DM_SN_kiko_store_ls_retail_loyalty": "Lealdade",
    "DM_SN_kiko_store_ls_retail_giftcard": "Vale-presente",
    "DM_SN_kiko_store_ls_retail_promo": "Promo",
    "DM_SN_kiko_store_ls_retail_vouchers": "Vales",
    "DM_SN_kiko_store_ls_retail_safe_transfer": "Transferência segura",
    "DM_SN_kiko_store_ls_retail_statement": "Declaração",
    "DM_SN_kiko_store_ls_retail_stock_management": "Gestão de estoque",
    "DM_SN_kiko_store_eva_uc_vouchers": "Vales",
    "DM_SN_kiko_store_eva_uc_stock_and_task_management": "Gestão de Stocks e Tarefas",
    "DM_SN_kiko_store_eva_uc_returns": "Retornos",
    "DM_SN_kiko_store_eva_uc_customers_display_app": "Clientes Exibem APP",
    "DM_SN_kiko_store_eva_uc_basket_transfer": "Transferência de cesto",
    "DM_SN_kiko_store_eva_uc_loyalty": "Lealdade",
    "DM_SN_kiko_store_eva_uc_pos_sales_app": "Aplicativo de Vendas POS",
    "DM_SN_kiko_store_eva_uc_giftcard": "Vale-presente",
    "DM_SN_kiko_store_eva_uc_power_bi": "PowerBI",
    "DM_SN_kiko_store_eva_uc_item_price_barcode": "Preço do Item Código de Barras",
    "DM_SN_kiko_store_eva_uc_promo": "Promo",
    "DM_SN_kiko_store_software_personal_corporate_credentials": "Credenciais Corporativas Pessoais",
    "DM_SN_kiko_store_software_open_office": "Escritório Aberto",
    "DM_SN_kiko_store_software_windows": "Windows\n\nJanelas",
    "DM_SN_kiko_store_software_ilabels": "Ilabels",
    "DM_SN_kiko_store_software_beKiko_login": "Entrar no BeKiko",
    "DM_SN_kiko_store_software_other": "Outro",
    "DM_SN_kiko_store_software_outlook _webmail": "Outlook WebMail",
    "DM_SN_kiko_store_software_browser_navigation": "Navegador/Navegação",
    "DM_SN_kiko_store_monitoring_router_down": "Roteador Desligado",
    "DM_SN_kiko_store_monitoring_cpu_load": "Carga da CPU",
    "DM_SN_kiko_store_monitoring_till_ipad_iphone_offline": "Até que o iPad e o iPhone estejam offline",
    "DM_SN_kiko_store_monitoring_internet_access": "Acesso à Internet",
    "DM_SN_kiko_store_monitoring_server_down": "Servidor fora do ar",
    "DM_SN_kiko_store_monitoring_hard_disk_with_free": "Disco rígido com < 2% livre",
    "DM_SN_kiko_store_audio_video_audio_amplifier": "Amplificador de áudio",
    "DM_SN_kiko_store_audio_video_video_splitter": "Divisor de vídeo",
    "DM_SN_kiko_store_audio_video_digital_windows": "Janelas Digitais",
    "DM_SN_kiko_store_audio_video_other": "Outro",
    "DM_SN_kiko_store_audio_video_thin_client": "Cliente Leve"
}